customer_id ,username,password,full_name,customer_email ,account_balance,registration_date
102001,Gib,$2a$04$1.15gO9b15plau.hA7uRP.ah9ouxVxz3orsxWrkQtLIpsUM5PBkSm,Gib Kenrack,gkenrack0@fc2.com,90114,2021-06-10
102002,Thatch,$2a$04$ibUgIkfFVE/67fhOOpuGUeYLgbQx7kBNkdaYeAQwP2y.HdH2O1GW2,Thatch Pennycock,tpennycock1@patch.com,24996,2020-07-18
102003,Babs,$2a$04$Ox/dryk3XTDRRmBP6wcPSOzQHPhOidJeV1XOYH5NFwBTse1HP4pTe,Babs McNab,bmcnab2@nih.gov,198851,2019-06-19
102004,Spencer,$2a$04$6MAe9OSuBjexd822Eu29Ee2Eifn.jV1nuF8VHFgKgriiRKKNI.7/y,Spencer Cottingham,scottingham3@cisco.com,579666,2020-04-05
102005,Ginnie,$2a$04$hjC5KYaXpvdh6u5uUj7EZejV84m9Dxyzh0RJUey3secxh5EtYGjTC,Ginnie Gaddes,ggaddes4@dion.ne.jp,105529,2020-04-01
102006,Wilbur,$2a$04$JLqGOatAmeeNvuyGOVcKg.Jv4HVhZfr7WE5F2dUGG/hpYiAdnka.S,Wilbur Flaunier,wflaunier5@angelfire.com,14429,2020-05-21
102007,Muire,$2a$04$dbhH5WvBJC3feJDtj1a2Eu9qj1xuBrO8Y5tYBcaIJ0OmfXwOj5pyO,Muire Craister,mcraister6@tinypic.com,553247,2020-01-13
102008,Katinka,$2a$04$3lA8kYo1i2z8XTaZe3C1.eX4zEcBrPDbcTQKVX5Cog0xtu68GF9Di,Katinka MacDonald,kmacdonald7@youku.com,289421,2021-10-08
102009,Maureen,$2a$04$4NIGTeZHLJ04VDUHu6oqbug2eE.piL8NNsfEzV.Te1akevnSs8GNy,Maureen Cotterell,mcotterell8@booking.com,422664,2019-12-01
102010,Audra,$2a$04$96FTCxG4sBXDaVAn4WoWl.3GBgm/6DPL3ZKsMeou90U3tB8zQ4pcy,Audra Potte,apotte9@si.edu,44429,2019-07-29
102011,Dirk,$2a$04$rWNWFvIjWkBs0ckclYb6fOlQACRaYyWWuLvfvIZzwIzYJWgdAGe8O,Dirk Elphick,delphicka@geocities.jp,891089,2021-01-25
102012,Valaria,$2a$04$b7lx/0ZQvIqtxsZnFmFeHO0qD8LEg75nulO/PNnIXfP9diVxe0cX.,Valaria Jablonski,vjablonskib@mail.ru,82741,2021-12-24
102013,Ashla,$2a$04$obCUVvK6GLcr71Pi504FOeBBS8/gfoU9VGA20CAA1vji.Vk98PlB6,Ashla Graveson,agravesonc@furl.net,963158,2022-02-16
102014,Opal,$2a$04$ncYtfreXiC6iGyAJdNJ.Ae5gpiUw1A1q0CTyE9vMbnprLnPZ329X6,Opal Braden,obradend@unicef.org,162419,2019-06-25
102015,Reggy,$2a$04$tFGBilEJeAOBYpkTcm2ZeeAbiUNZ2VgaYW2LQpaSBeA6a324sSpjO,Reggy Gledhill,rgledhille@japanpost.jp,371247,2021-08-19
102016,Serge,$2a$04$MVtEZzF5fzx.jXWsz0WD4uVkRIpSHVrVnTjpuEMdoCiegnoZuDSRu,Serge Bridden,sbriddenf@hostgator.com,405255,2020-11-03
102017,Dukie,$2a$04$seQ952HXtRLEalpf7KcxVui3H.H/XfTRNNsRSuRynip0NJL.sHFKK,Dukie Collete,dcolleteg@google.cn,898946,2023-01-03
102018,Dorothy,$2a$04$8zvzfvIKL4kYchfKbmsGDOW.azvONhlJcrLwcAqFcbe6nBNxBxvvK,Dorothy Conrard,dconrardh@about.me,469905,2022-12-25
102019,Ethelind,$2a$04$O9lo4yAeJ2e8yDG1B7ZC2.jmHlTbl/Y7LHjOy3BHjy8mwl0RJ8wtm,Ethelind Bartolomeazzi,ebartolomeazzii@alibaba.com,769064,2020-12-15
102020,Liam,$2a$04$0.fWRNpmRkarZnF.JUiU/O.0mao7NV1Vzq9o9zbvbiCz3RC9pDBQe,Liam Dickman,ldickmanj@addthis.com,816789,2021-10-17
102021,Aubrey,$2a$04$iISlK4SksIefLSkZ57WE9eXCZwWuPTNCYsJ5QEVPPxPNrInGQvQW6,Aubrey Saywood,asaywoodk@skyrock.com,327624,2019-04-02
102022,Cheslie,$2a$04$if58DNM3YY2j6VrIlXlUnuUia6rX7Ya.otbiSo5ijhn/Xsx0/dD0u,Cheslie Durnan,cdurnanl@1und1.de,166948,2020-08-21
102023,Minny,$2a$04$IrMh99uo8vrKAImFk7AJV.w6NPm8Fxj.lE4cGXCSY2X/kSfDCZHWS,Minny Corkish,mcorkishm@psu.edu,580678,2021-02-11
102024,Gunter,$2a$04$4wiVNWUVkwMYGtRugKCl0eLW0GMpfYEMKlILJJr3lfJ5.uVO6IOWS,Gunter Saffin,gsaffinn@hud.gov,329231,2022-08-15
102025,Ursula,$2a$04$/0X9ThOMjj1kTse4LJSIseBQ1wSuAVVZqdotk/JwJYTsG4DCBKN0y,Ursula Blowing,ublowingo@myspace.com,582021,2022-03-27
102026,Marika,$2a$04$PzCsmcim8iN4UNBkpfGFIOzR5wMFLp8xzMyov7TCkz8mjVgE47izy,Marika McGlashan,mmcglashanp@lulu.com,95090,2022-03-24
102027,Rodge,$2a$04$w2kTa8VFU4tsH5xfkuLKy.35f/ZdGIIiV9GmBv6SmOMYJbkOSEfk6,Rodge Reddell,rreddellq@behance.net,515140,2019-02-02
102028,Kalle,$2a$04$NCBhnPx/KOCAQsH9pZ4To.9j3i/fi.tf49pKWqpBLh1oAumxV4oZ2,Kalle Forster,kforsterr@google.ru,277126,2022-03-07
102029,Bernita,$2a$04$/sjEK98UeRnNG06rCZOcHumihgmDO9R.T/s.H92vkjzNMrkyLheCu,Bernita Singh,bsinghs@netscape.com,302138,2021-11-05
102030,Jon,$2a$04$QS3vXa6Bn.fSJWh2XhSZce5xi/zFs/2maGe4K.J3yxuHWm8n5Ztx6,Jon Audritt,jaudrittt@dyndns.org,638559,2020-08-10
102031,Peria,$2a$04$PNe/mHwBU/51mYMcFJIbV.F4ol/sBSn0pNs.oiZhTKmGWLJPaDlvq,Peria Bythell,pbythellu@adobe.com,633832,2022-09-05
102032,Karry,$2a$04$hKLKPK5Plm.76r.0NBIaOuiCUq0iTL56cYrpxiA3XvRLMyTyRpvfy,Karry O'Loughlin,koloughlinv@virginia.edu,680160,2020-09-21
102033,Clarey,$2a$04$AYn5HLDX9Ae8B1UR41CfJOjJXN2HDcehv9cdxcROm7OlyD3Yufo0e,Clarey Domange,cdomangew@ebay.com,432361,2021-06-08
102034,Whitney,$2a$04$sNu9vou0LzIgOxJKMTVkbul2y5gDcdHR1bXZr2CSzA.xz3hv/c6VS,Whitney Aaronsohn,waaronsohnx@google.com.br,933430,2022-03-02
102035,Humfrid,$2a$04$gzhzgiU.LSb.HUzjYCZt7e3HSvdXFIBWk5S7E.TtX5cebAjk2YNBy,Humfrid Valentine,hvalentiney@yahoo.co.jp,183200,2020-06-21
102036,Valli,$2a$04$rCreWNIS3cUpJ8VAJexW4u8DTGGnUEgE6F.9AEhT3mB0etkQ.9BYO,Valli Icom,vicomz@vimeo.com,54257,2019-10-22
102037,Tobin,$2a$04$vWB3OzUEqlOcl3ZN9IF44eQWzMNkiF8thBpGBSGSsZ.4UMaxHyoiy,Tobin Champley,tchampley10@ebay.com,825750,2022-07-26
102038,Tucker,$2a$04$GMARs0PruhMy.8Q0Pd28xeX626Z53M1on3KI1UhJ.cSn6pYBx3BOK,Tucker Rolstone,trolstone11@nbcnews.com,739983,2021-12-04
102039,Fredrika,$2a$04$gkoNIckXR1YLs7ORyGprTu14unqPHGkGpG5tNu0JloYtrSFgMET4i,Fredrika McCulloch,fmcculloch12@answers.com,936301,2020-04-04
102040,Hardy,$2a$04$ONQBAFJHavD.zgnPVTuNAuly3ZWLC0ADSloyXTBaCFd1Aki7s/TWO,Hardy Ovey,hovey13@plala.or.jp,441778,2020-05-01
102041,Tiffi,$2a$04$.CaEqR4KsuB2rtgeBVLP5.IP4SGOs70dJ2mkgb8hXFElJCLBI3pOW,Tiffi Sifflett,tsifflett14@epa.gov,428809,2021-04-29
102042,Skyler,$2a$04$eNk.WD0RmwbOha2gq0VFzO8kbQ/Y9Jo2IOOYkeI3ImCgxR/HbN4Au,Skyler Neale,sneale15@dell.com,544047,2019-04-07
102043,Walsh,$2a$04$vgZBPymHnsac6Dp92qb9IuQunk7xYURKv2AnMRf2uPNDgXqHI57uG,Walsh Donan,wdonan16@sbwire.com,228236,2019-06-10
102044,Brier,$2a$04$dLltTAR25pf.7FSCFhLa4uZxFVXmnYAIVxB3x90CKGI2jlAE.kJbG,Brier Zotto,bzotto17@si.edu,417576,2020-04-27
102045,Morgen,$2a$04$6kC6Icb8uy2pHdfQ0VHOtucNq0Wqq7ds9nPED08hxXeeJuRJW0A3W,Morgen D'Oyley,mdoyley18@xrea.com,252875,2021-03-21
102046,Pascal,$2a$04$.JNlJw2JGQEw0nRPSRovnu1luklOLGwXyCjQHbnfG7/SN550nxEsC,Pascal Boichat,pboichat19@dot.gov,791233,2020-12-19
102047,Freda,$2a$04$8gRpqXxXUraUI9krVxrpoevI/gjmsSvPde2jC6IbvYMFXYpznYrMy,Freda Scalia,fscalia1a@gov.uk,118384,2020-03-08
102048,Fay,$2a$04$SGb059A6idQPVXr7tvVrCun1DamBd68j/o7OQlgATz1sgowFU4fWu,Fay Fireman,ffireman1b@odnoklassniki.ru,521419,2021-12-25
102049,Dex,$2a$04$cB.nX4B7Y22hJ/HuVTWl8uTBATAqDvK/EJCBUuP5tGKlr/NYCCwy2,Dex Perone,dperone1c@ucla.edu,524827,2021-01-23
102050,Helen,$2a$04$Pqkice9EQnrgDkRMBRBA7.2.xMUqOnvlTCjATUXsBXOKdJknB8A2m,Helen Rotham,hrotham1d@psu.edu,727335,2022-08-18
102051,Lila,$2a$04$axtfFPcqhlcL0fz06PoPB.l31zfIVLlKa9RzQvF0caAcZF..cjXsu,Lila Flatman,lflatman1e@biblegateway.com,700099,2022-08-01
102052,Judi,$2a$04$AMVl5ceZgcAZ9Bohid3.E.bMu1cTH6QjtGFRckuYFo6ZCR3/xVLWu,Judi Krinks,jkrinks1f@arstechnica.com,55224,2022-11-08
102053,Orbadiah,$2a$04$9VdDVO6/MD72LIrU2S2jSOy.13tpoBtjm8Qm5ntVBZaakJyTCJB4y,Orbadiah Clogg,oclogg1g@cnn.com,205371,2019-11-15
102054,Lorenza,$2a$04$vmNt5jhqTapM8ez6Zb2y1.aG5to2UYNMtDYPnlrl3Rn5EAD5GPWHG,Lorenza Newtown,lnewtown1h@patch.com,898551,2022-08-24
102055,Alberik,$2a$04$k4EmCSXqbS5cGb.ahhvFyuyEPBsojbjsjNKSt17I/nHebTf4/UQQa,Alberik McCarrell,amccarrell1i@umich.edu,343818,2021-08-21
102056,Willow,$2a$04$8VsReGpxk25ApYFM0oQfG.BD4y1gn40eXd4/c5eZYemffi3FDO9CK,Willow Escalera,wescalera1j@blog.com,386144,2021-06-26
102057,Edi,$2a$04$bWzXmYi7GNmsfSAxJ2MaGu7.ppTsyYLFdg4caaYUerHXtF9Wj7NzC,Edi O'Dunneen,eodunneen1k@edublogs.org,22689,2020-05-22
102058,Price,$2a$04$AxbLWiJGr8BAsu7scrXe7.EjX1CnOARgIvZzl8hmj5oCLW7rPkcJi,Price Grichukhanov,pgrichukhanov1l@theatlantic.com,124043,2019-08-04
102059,Nikolaus,$2a$04$YePGNhWtsTNUS17TdVQ8PuAmLmMnFndapp7rnvKxSzjOmQMIqEETa,Nikolaus Woodson,nwoodson1m@sogou.com,413955,2021-11-16
102060,Ayn,$2a$04$CZYl5Qo6fvc8Eo8mdqBwku.CDfmxxXHB3QiZQRoK3FhaCS9NXpFp2,Ayn Docwra,adocwra1n@woothemes.com,92573,2021-06-28
102061,West,$2a$04$8AC7PUrTI5u9Aqr9KM/GvOZ6fmRfeg477XQfMgsTvOKE7Ef6HCbQ.,West Eldridge,weldridge1o@forbes.com,133707,2019-02-25
102062,Mollee,$2a$04$eHfDActvI1klVP5zDtMfCu1HIwWjbw2sQAg.G86dkq6ojLfYLfioS,Mollee Shiliton,mshiliton1p@theatlantic.com,335971,2020-11-22
102063,Edgardo,$2a$04$rJMl3PYLNgeGoHotiY/OMORGVR.YkIw1tuMgPYsQH6BvsmgN/pqj6,Edgardo Lamberth,elamberth1q@hc360.com,784149,2021-06-10
102064,Kin,$2a$04$5mBikPqUthfRegzfxChgmO67uXoBmEgmfX4M2X8jwQI2PBkVjMeqm,Kin Kareman,kkareman1r@twitter.com,453814,2021-10-12
102065,Nannie,$2a$04$ENVNuVrVe5WaONpXjLLbHOLqefRt7g9/Hpe0TqCxrCS3K.PvnfsKa,Nannie Filasov,nfilasov1s@t.co,739778,2022-05-26
102066,Sherlocke,$2a$04$kzyc.Clc4VX8Uc2Sre2HyOe71hUiCXa45soWuR1gtLftAMlzIM2Xi,Sherlocke Drinkale,sdrinkale1t@fotki.com,242910,2019-08-26
102067,Anthia,$2a$04$RUpSWCHulWuezRyQCwawxOYINA7W8oILK3JIv3xiKfPjoyfjFUk52,Anthia Walewski,awalewski1u@fastcompany.com,781880,2021-07-09
102068,Johannes,$2a$04$HR7SbLj9ekMWVj/b1IxIDe91b6oKQ1lqnqmQZg0w9YiAwDeTxgiue,Johannes Kliemann,jkliemann1v@apple.com,985575,2022-07-23
102069,Kevon,$2a$04$IjuRi9lMC/hVW7mj9Wbwue36G5XKTRnAQ4Un1U2MFbdkul2zr63VS,Kevon Enrigo,kenrigo1w@xinhuanet.com,186553,2019-05-26
102070,Cicely,$2a$04$uTkThOIiSGHdSLylgXUIzeAmlwHlsM.vul9yEp.PWJjhBeI8.uCjq,Cicely Baldock,cbaldock1x@slate.com,270903,2022-03-11
102071,Georgetta,$2a$04$J2a9wGCpHuFKzuKJ5zq7HeooAgnRRukpYcZIvJrPJR2xA/TXowI8S,Georgetta Petschelt,gpetschelt1y@ning.com,996216,2021-07-30
102072,Nicole,$2a$04$ohJjvDD5EW2SUqMcnyYvNu5auiAstTaIlvUlP.gDU4Q3gCDEiXwPm,Nicole Hasell,nhasell1z@kickstarter.com,35812,2019-10-14
102073,Milena,$2a$04$r1RRR8T42kX2rbIdZJFq3euOsd2MW0VgJuLTcZAiA9lrb.LORrcgC,Milena Stoyle,mstoyle20@vk.com,587816,2020-04-22
102074,Dorisa,$2a$04$pvZq7gWaeMFcv0214o1sl.vB08JjHfVoUPvxJbec5j56XZoXO88GO,Dorisa Sprowles,dsprowles21@nba.com,398086,2019-10-23
102075,Rana,$2a$04$ob6V4aHeFROlC8EM47/pce3wzu30VrZ6HVPDqnWq7Umn8iLPZhFWq,Rana Rossey,rrossey22@technorati.com,967739,2022-04-24
102076,Sam,$2a$04$/fNMMGFULWNYea3E2h0cce2nLmyz8QEV3wd6erDKKaelFv1Sq9w1y,Sam Kendal,skendal23@blogspot.com,283818,2019-08-21
102077,Dredi,$2a$04$7TmOq8WlcmDPEU4BKHVFueqcsQ.zU/8HN0.mgzlE0gNQvmlNe1CFS,Dredi Ajam,dajam24@ihg.com,37653,2021-08-28
102078,Anselm,$2a$04$FBm49Z2MpeN5GpZ7EkzRaOO7vLz6v1CKqTjLgAuWmuAox/Z/nfgrq,Anselm McCluney,amccluney25@xinhuanet.com,888875,2020-11-29
102079,Farlay,$2a$04$CEVmVZ7JN/p.0.b20cw0KOtoBd5SYiE3ez3mgEr0OY6LITP3en79S,Farlay Fluin,ffluin26@marketwatch.com,396533,2019-12-15
102080,Alecia,$2a$04$XIdIkdrciafaFVHzxSeDueUiRYTmYESWzGVk/xLKwZEd/QqVZzteK,Alecia McCurley,amccurley27@skyrock.com,286259,2022-02-17
102081,Lyle,$2a$04$VWlVK0AV3w2eExbVfSuEy.jB8YcgBLo/yAdIEjwKxTlbAgxNiVAwC,Lyle Clacey,lclacey28@fc2.com,682816,2022-12-31
102082,Julius,$2a$04$ABT5Lly3JUcxbbBQSfHz5OzibLINRxvYUo4aZo7SmBjQUAt.0c8PG,Julius Brundle,jbrundle29@list-manage.com,874126,2019-03-01
102083,Claudine,$2a$04$0GXAj.0c9dCrZCZBSUVp/eHgPtTE5du.0B0hLiFgjhmywPTyse9Oa,Claudine Marchington,cmarchington2a@jigsy.com,738597,2020-10-17
102084,Jason,$2a$04$3k6axuwFFgsDyCuTKTRFju5YIVkW3tcPDGWhK2tkDWn4kfVcLCqe.,Jason Tunstall,jtunstall2b@ted.com,960881,2022-09-24
102085,Ambrosius,$2a$04$lv5xSoROeTEyUwu92/b8eOFTZQGoUFENY/0/ZF3Y9m0ljdb0vfAv.,Ambrosius Douch,adouch2c@bloglines.com,356429,2019-03-10
102086,Allie,$2a$04$qLH4Lkm5yvzu6JP3Wgpc0uL4JwrAn1bSNJ2VH6qtekkIz/Rby1fbW,Allie Holley,aholley2d@51.la,563676,2019-04-01
102087,Shelton,$2a$04$IofzFDA5avyotutKx0Ht0OgiqAPfe8Vp8S4ZOMGg0oh6zzWFJpvL2,Shelton MacLese,smaclese2e@joomla.org,121962,2019-09-14
102088,Mikol,$2a$04$D1qxg0ZPWbrQiNv8EtcEZeMZagZBmm13/KJUThWBNv9k9DE1LF0i6,Mikol Bratty,mbratty2f@tuttocitta.it,427313,2021-10-03
102089,Rudolf,$2a$04$sVH1qKbhAywX3vrSuxFXE.4DBMzWDefkyvlJhhJg9oKBRk2hE0F2y,Rudolf McNish,rmcnish2g@bizjournals.com,500849,2019-11-30
102090,Egbert,$2a$04$GwYQO0wWx.TBHeU.6EUqYOKsiv36rON/HmSRNhNBEY7fdcLH4CgFO,Egbert Snalham,esnalham2h@sakura.ne.jp,530133,2022-01-11
102091,Mufi,$2a$04$sciHUUIDEie4xhUtwXhBqOlQ1yxg3aI81Dfz9IazFNIP2IsMzDGdS,Mufi Blencowe,mblencowe2i@ihg.com,264579,2022-03-22
102092,Guthrie,$2a$04$S2Qna6sF9IHONnknP4V5puZjq.nknxj0tZHc7GdkcW7LtzrtPkyS.,Guthrie Minton,gminton2j@cpanel.net,528376,2022-02-20
102093,Ethelred,$2a$04$Ai8cMCoVzkKNSOkzPWtd/.dIcV69CGBxdOpaPXrgInJNe9bn9fm7y,Ethelred Brogioni,ebrogioni2k@cdc.gov,853681,2021-10-19
102094,Odey,$2a$04$XPF01am9bZXakKVR9.0Ubuw1cgKYU/e5iEWDLddJLsy0LZ5KDA2cm,Odey Mc Combe,omc2l@techcrunch.com,137641,2020-07-21
102095,Gael,$2a$04$r2AqBROHGOQIqMObJ/njceCr/Uoljoa1t5s7hnVO9aRfQ8.74Qnhq,Gael Lighten,glighten2m@omniture.com,359375,2020-03-17
102096,Rea,$2a$04$398dhGo0MWVqaCzzehnrbO.I.Z.Qj6Nz6WZMiMGYBCxcDWKWoNeFe,Rea Shatliff,rshatliff2n@tamu.edu,815778,2022-05-12
102097,Cordie,$2a$04$V06VlPoVNo00T1SyhrshyersgLjpimDprgzZhDDqVZoR4ZYlQbWay,Cordie Sloam,csloam2o@goo.ne.jp,524952,2020-08-16
102098,Ephrem,$2a$04$3P/MoNCkK8p86d/qwfjWYOG92gCv.P02/DH6eVd.eA/6mPRXj7SJO,Ephrem Fosberry,efosberry2p@123-reg.co.uk,702037,2019-02-26
102099,Taddeusz,$2a$04$JY08AAIRWX.tClAJUCCZfOz58g0sX/hmpFEhP619FTq3zq.N.KMT2,Taddeusz Raith,traith2q@over-blog.com,649908,2021-07-24
102100,Rebecka,$2a$04$d8hT31cSQC/E6bPuUCKBBOHo1eY6peuL3rx.n6zwNVpqM5e1S3WVi,Rebecka Rayment,rrayment2r@vinaora.com,795736,2020-07-22
102101,Angela,$2a$04$nLRXiO6VilhI4J0KL08I3eV7y4LTVUlDZh8nzLkAlikzy6dDWs3mO,Angela Easton,aeaston2s@seattletimes.com,611400,2020-03-16
102102,Shannan,$2a$04$e/XSHGod4fptjfNqDx3ohul00WXp938fkGdrlmIV11r15fKjPehlC,Shannan Maylard,smaylard2t@jimdo.com,767766,2020-10-07
102103,Mellicent,$2a$04$fivjTiqsK/wD21zaqzqTJuZbTB8dXzTFDAY8Fsvm447aaxZ5X0dPq,Mellicent Island,misland2u@google.pl,619374,2019-09-03
102104,Killie,$2a$04$ZaHaNJFGAUd/na51niLo3OXMtTdN8nGq3PBZQwjPf90xh8B9ak83C,Killie Posnett,kposnett2v@amazon.de,686419,2019-05-10
102105,Adrianne,$2a$04$dphSl0G1KTeRIjrzqKqFUu7N9YcE4XM3VdX07yI6/QYlx2vb5K1JK,Adrianne Van Der Weedenburg,avan2w@gnu.org,501293,2022-05-23
102106,Hew,$2a$04$v6XZiTdvcfZ8qCMNVRo.RO0k6eWulKSblz2x1Oxm4OEOapQ933Xa2,Hew Johann,hjohann2x@meetup.com,570563,2022-10-23
102107,Aeriell,$2a$04$hwT1g36/sdafoqR7nymdUeDjNVtH6y2AyFT2MDLZaXjJyhyLLVf0q,Aeriell Stawell,astawell2y@altervista.org,994551,2022-12-19
102108,Jeddy,$2a$04$MkzgcYbfhS7OTFE/OkS2Q.FKbXOeCxzFT1Zr1tYdmkAM9YF7M6O0.,Jeddy Benmore,jbenmore2z@cafepress.com,479283,2020-12-20
102109,Jerrine,$2a$04$1mIlNAn3CORCdaIeuWFUaeVk7Te4h5gsoOY4XN0k2pK33ga.2pXey,Jerrine Worland,jworland30@freewebs.com,177374,2020-05-21
102110,Filide,$2a$04$oDgGvuMEsrbRtgAhA.KHHuMQdPf1A3BPSkZbKwkEOL4Uw/aaX5nRe,Filide Sarsons,fsarsons31@cdbaby.com,912784,2021-01-19
102111,Mathilda,$2a$04$ljvvTG.mH.aKLjM00g.roubjK0iTlvHFUTF0CozDd5TwxO46P6ChO,Mathilda Torrecilla,mtorrecilla32@bing.com,14767,2021-07-24
102112,Maddy,$2a$04$/AgjJdk.ULUSoZk2vUdn1ey.i6e5uhd2H7e2eNCnH9S60Haz1pNCW,Maddy Camlin,mcamlin33@eepurl.com,728823,2022-12-30
102113,Becka,$2a$04$n/dYbJkvlkKrbvlLq.8.ZePyTwQKJskdyT8PrnNy7PyYNqPlkI8ZG,Becka Gerhts,bgerhts34@toplist.cz,90138,2022-08-16
102114,Sella,$2a$04$L5TlpnKlAYnr3nNG7j2Da.NBvuNm5fcCz9kdmAT5MpduMe0CjcYEm,Sella Manvelle,smanvelle35@theguardian.com,282675,2019-03-30
102115,Tiler,$2a$04$c.wdYCLkydcI3twMshuGYug5dbFFnnFoB1nqVWYC/WCOaZPJbMyXW,Tiler MacAulay,tmacaulay36@amazon.de,283744,2022-11-04
102116,Electra,$2a$04$BPwMW484CW1YwYsqo84NnerFbBgF9c8GOrDP6xPBVTtycw0FAVtFC,Electra Gue,egue37@printfriendly.com,763589,2021-01-13
102117,Amandi,$2a$04$HjT1SG5CsGzf4sgNUpGdQup13SHeNzdkw8u6QId6XALpV4K2flcZq,Amandi Postan,apostan38@unblog.fr,820962,2020-05-16
102118,Reinaldo,$2a$04$WguywM9Lix6g6bx02ssksezPXgvc61pFEMUygsR9StkWV2Km4mez2,Reinaldo Piotrowski,rpiotrowski39@usgs.gov,861707,2019-07-26
102119,Filmer,$2a$04$ZOFg0u5NvKolxFdVMjQrmerAHPWb8sNektPGi/MZDUJK9Wc.2su9e,Filmer Clowley,fclowley3a@topsy.com,786087,2019-09-26
102120,Berni,$2a$04$ES7PLfNb7bE80qCOmS82fuZtkq06IrG3apg9m.hzsy1ZFxSwm6U3u,Berni Wickmann,bwickmann3b@elegantthemes.com,258904,2019-09-09
102121,Ninnetta,$2a$04$uJElQQ.6Dnw/0GIVOcCjM.xzic8kICnQklgWQIahDKlMRiGeOf9mS,Ninnetta Pahlsson,npahlsson3c@loc.gov,554442,2019-11-03
102122,Traci,$2a$04$hj6N1nzrbvEOuGtFqb8zjOhd139tB5vQz5Nd8V95.8WR9t4SmGA8O,Traci Freeberne,tfreeberne3d@walmart.com,69077,2020-05-05
102123,Liz,$2a$04$.Tu7U3CJWp0lUD1WvSxkmurihoD1TmXKmQ6vfDK0XSDRsabvZ/a3y,Liz Adamowicz,ladamowicz3e@bbc.co.uk,516036,2019-03-03
102124,Lilli,$2a$04$MfH4rZdNu99CwyToqP3lT.VTfM3HeJGCXlyEl8mly7i/aL8Ljduq2,Lilli Medgewick,lmedgewick3f@addtoany.com,338317,2019-06-22
102125,Alicea,$2a$04$YU/Zwle0aJDb/qJfG3opzOr.IApkkrLivw81ojyUD/vIkRmo60ou6,Alicea Stollsteiner,astollsteiner3g@1und1.de,955295,2020-10-11
102126,Currey,$2a$04$dTivexTLsGSgsM5APNd.fO/WgRQqVl5SIkC5.7XfRBsUtCcOuWGEC,Currey Vasilevich,cvasilevich3h@scientificamerican.com,125662,2021-03-11
102127,Felice,$2a$04$n8Yjcv2EnaVwZmQG4HxRUOmZKX3uW3LMgxRkXA8galcQfp5jTj7Ju,Felice Tipper,ftipper3i@clickbank.net,785410,2022-04-28
102128,Ashlee,$2a$04$7sjJRZ4w6EQkNvnsbArGE.p7aaVadcc3A/dYJ3cj90GaNqsd8bLxS,Ashlee Colville,acolville3j@skyrock.com,564450,2021-11-16
102129,Teodor,$2a$04$EnZjXtZ2jeNviW4UT1iC8.C52.0eA1tkHWRJSYPIvlu4T3sP5wE8e,Teodor Trillow,ttrillow3k@meetup.com,120345,2022-01-06
102130,Jodie,$2a$04$.YpbV6d9MgrOgoYlXP0WbuDfPaIR0bBMBCBY7kX9BCHrgcwDBtQu.,Jodie Tellett,jtellett3l@goo.gl,378267,2020-09-08
102131,Caroline,$2a$04$hdBEIQ5GopT1RGhs.CWbP.S3S3brYv5mbY5vRaZDOR.ToJonhAOre,Caroline Cullip,ccullip3m@samsung.com,494096,2022-11-10
102132,Tiphany,$2a$04$2o1cSgi9EdcmuKTTWq.qBuQAXzmOosSWU3XblYTePqKfC7j21vD.S,Tiphany Hazeldine,thazeldine3n@cmu.edu,319869,2019-03-05
102133,Kaspar,$2a$04$PfglsbESX5tMqraueDXkyuiUJ5oWt34RxTeViYQ3Rw7oIKd2FWLLK,Kaspar Kibby,kkibby3o@pinterest.com,705878,2020-04-29
102134,Donal,$2a$04$eWEuqO1m4cXw9rj1xnNtWuUZpXUHnU.EkjxBS8hr9nItyOb8a8cYC,Donal Herion,dherion3p@gmpg.org,114497,2022-09-10
102135,Martynne,$2a$04$ESLYzG0HSB4QA5/os79q3.U3q0cTfoDKC/OuDLjmTrU/UKOeRP0lO,Martynne Folkes,mfolkes3q@cbsnews.com,278587,2022-04-28
102136,Maegan,$2a$04$1pZ6SrFll578WW27NCcc9ujhi9NNWsSMSqwDqZrg0VdQqxsuoDnOO,Maegan Fotheringham,mfotheringham3r@biglobe.ne.jp,845432,2019-05-30
102137,Sybil,$2a$04$R8NqS96EsqCcSdw1rDT9iOmKeyNJ7JWSr4FgMfuoU0pHW.fBULc.G,Sybil Delany,sdelany3s@samsung.com,329239,2021-06-24
102138,Israel,$2a$04$ocf7N2lNxo5UK58xmouKg.q5oH2bXR8ED4qO.NeGFUKt21TBLQc.2,Israel Bleackly,ibleackly3t@forbes.com,783470,2020-08-05
102139,Corrinne,$2a$04$h4SEKo0F3JFAXWnPrXikX.VDAiR2G8EqFh99PMf9EQamiXeD5roeK,Corrinne Meadmore,cmeadmore3u@blinklist.com,562826,2020-10-26
102140,Maximo,$2a$04$iyaQBDHxd4x4vaFvwjC6JeUA9zNcLOv8w9WEAqxBa5lwwK/cdJgw6,Maximo Crudgington,mcrudgington3v@bloomberg.com,874407,2021-02-20
102141,Montague,$2a$04$kGK1z3f8spP5Op2QR0k4MeJvQukjsyZ8a8iaWm2YoVdrs2SO9ORiG,Montague Mainds,mmainds3w@exblog.jp,766830,2022-07-27
102142,Dannel,$2a$04$r.dZsd6zSDxMU7JFX0Xae.cUmJql.py/wgxuPAL.pIPSbIb.NRbC2,Dannel Moyler,dmoyler3x@washingtonpost.com,727864,2021-01-23
102143,Guinevere,$2a$04$6Iem3UmBWIFATj/2yeMlSO6vNRlQmG2kdy/wgeP0RFnQ7DTYI4U3q,Guinevere McGonagle,gmcgonagle3y@e-recht24.de,429630,2022-08-31
102144,Urbanus,$2a$04$MrhwcHKotJZHIQsRDxvB6eCKaLZGXY/TMP7xZws995nCQV2ErwIdC,Urbanus McGenn,umcgenn3z@wordpress.org,817591,2021-03-20
102145,Pepillo,$2a$04$LzwVWqz9YMUPCP.IyFSPk.OuDAIhmSXvwI.l.hxYQBoNAvKRiCuBi,Pepillo Keynd,pkeynd40@netlog.com,678049,2020-07-12
102146,Mozelle,$2a$04$MEp5XPuUxnbIt7jDiVWe1u6eL7jRS4bizczzFi4XJ1I9w0bLwcsUy,Mozelle Castiglione,mcastiglione41@comcast.net,349569,2021-06-14
102147,Codee,$2a$04$IFmxeD3sbxuVnKT41g4Q2enFQZ1oLglS0ILaQgLNANG4OxMzNxaX6,Codee Vlasenkov,cvlasenkov42@microsoft.com,136655,2021-02-11
102148,Rutter,$2a$04$SoHXk3r.k5TU3smPPVI7n.JpA4VITaNRnGZyCCl627BUE2u28/r9i,Rutter Flaverty,rflaverty43@list-manage.com,596300,2022-11-07
102149,Rogers,$2a$04$db3MKy7TRKgb8OJphR.B6u/sHMVUQ0xekc2zZhKpJ.3L4zBFbbKLy,Rogers Jeffress,rjeffress44@mozilla.com,909867,2019-06-26
102150,Son,$2a$04$TEY3f/2/mHsI9Uf0SVndyOxEzFnAcTIIGptyhrOqSQ3wS/hQTBnsW,Son Mutlow,smutlow45@cpanel.net,863799,2022-02-28
102151,Carola,$2a$04$LFQh1J3svMTj3Fb9gJVeEOEhDMGi1WH29T2Ux3kz50K4/rkn/s2Rm,Carola Belz,cbelz46@biglobe.ne.jp,540957,2019-08-02
102152,Brian,$2a$04$.Nns.TQxmQZvo9fo/QBl0eQrkSNzVVIE0JqyJDNiCGTuLAl5cLD02,Brian Redfern,bredfern47@wix.com,789629,2019-11-19
102153,Carter,$2a$04$YaJ3boBA3.2y2hRX4DgTUeKE1U8B5Q/eXoQVugD9ZvyrxgUJujevW,Carter Christian,cchristian48@livejournal.com,896813,2022-04-07
102154,Jennifer,$2a$04$jWlRQQNvmVZUjYxPqxnmP.UMczwyGcec6bCM5.IburMj7MYRj2DnG,Jennifer McPolin,jmcpolin49@ftc.gov,688649,2021-03-25
102155,Janice,$2a$04$BQCwCa/Q3IyFcBSS1bchC.UYfGSnOPtp6/cH8iaYuGVnGsaJ1nSMe,Janice Scampion,jscampion4a@time.com,231205,2021-10-22
102156,Angelo,$2a$04$1qkQ.Vo5kqboD6uGZ3gna.Gp3SZzvVZ2iwO2BRgLRdSoVI1HcgyM6,Angelo McCaster,amccaster4b@twitter.com,866886,2020-09-07
102157,Lowrance,$2a$04$vTcZWcFOJ3mO1uCvm/wuTupvs5g2jSOr820FAXrE3twmnhOKMvsBO,Lowrance Stormes,lstormes4c@admin.ch,556101,2020-02-01
102158,Bordy,$2a$04$xa9nzIOCpZGx5IG42LsKGuAqwepjKm95Q/xB4hDFEygaq/V.fqbTy,Bordy Mizen,bmizen4d@weather.com,699078,2020-11-21
102159,Rockie,$2a$04$Q4JukUFDn2LRxGyE8sTsoutu6Sr39HIiXJfzCZCTDtGP3gJBLgjqS,Rockie Itzkin,ritzkin4e@xinhuanet.com,732282,2021-04-24
102160,Diandra,$2a$04$m95s1xNEqckGj2QFK.gm/O9h.E7zDNRkxfVcPVzIidlVgrja6n45.,Diandra Livett,dlivett4f@themeforest.net,928154,2022-11-30
102161,Grannie,$2a$04$Dqt/qM4U9ioivRmnfu9P/.WFJpmMP1hHE6mqnxbP0rMM1Oybs.rRu,Grannie Nangle,gnangle4g@homestead.com,904922,2021-01-14
102162,Misha,$2a$04$tSg2gAfg7688Iw5eSLvwMuXIrZP/eoyH/CSImppKhFzeimjcYHX2e,Misha Rollingson,mrollingson4h@gnu.org,142026,2021-06-06
102163,Emelia,$2a$04$Jlj7HlQa4hFKmZ0PwNfm..Z5sQaHLEz4PhDHLK5/5CTGz.Uchdp/6,Emelia Murcott,emurcott4i@desdev.cn,546303,2020-11-14
102164,Millie,$2a$04$iBsy90xSDicQK6u8oSCIu.lp2svPByH.iQa.x0buY./rNOe43nQw.,Millie Heliet,mheliet4j@twitter.com,113571,2022-06-04
102165,Osbert,$2a$04$/z3p8KcsIqRgmTE7ip9cJ.hn1Hsewd2h8s7.D5ZO6Ioc1lAeypvuu,Osbert Isaac,oisaac4k@deviantart.com,420278,2020-04-28
102166,Humberto,$2a$04$ePOBJOSzdFnef4fxmvxsq.MfAEcRgEkXllL9xfytjNwB5Dyt4ND4q,Humberto Penwright,hpenwright4l@hao123.com,579844,2019-07-07
102167,Osmond,$2a$04$g7k8WKNjF6sV07/L5kLjLeIrhktopWCFen8HySACCYWelo0HZR8..,Osmond Bampkin,obampkin4m@usda.gov,625839,2019-12-13
102168,Kermie,$2a$04$S./aPYUDlfGuRwxCfMa9eew9S3ExmCMTXL6IQZ2Tw4DEkEcNbGiei,Kermie Wedlake,kwedlake4n@squidoo.com,879710,2019-07-17
102169,Robyn,$2a$04$mKc5/H2tZbjg2jdGSptDW.ihkwkPnCaUCTwezpLzMTu4FkrdEFmKK,Robyn Ulrik,rulrik4o@wired.com,575408,2022-03-30
102170,Sella,$2a$04$vd9J7WaYWNn18SqcbB9sTOblBKmx910Vld6kIbryveJ4DFtfk4n5a,Sella Brenston,sbrenston4p@edublogs.org,442728,2019-10-23
102171,Norene,$2a$04$SxEHYxIfsjXgob00UrERKew5Q5aIluYKclM9HEsf13ET3T5EkApTi,Norene Muldownie,nmuldownie4q@baidu.com,811039,2021-09-04
102172,Josh,$2a$04$ZfKKC0fhYBrpH5U3T7Wo3e/JXuAJOnLvjSgRwM4wVmPwEwTHzN0xO,Josh Strange,jstrange4r@cbslocal.com,355331,2022-04-09
102173,Cosimo,$2a$04$PcHph39Mo78MNifrMoeu5eB/aXnvZ8cxw1E2p06Nl39Q3pWgsDQqm,Cosimo Markos,cmarkos4s@chron.com,463863,2020-03-10
102174,Anallese,$2a$04$Tg6i8Gedcp4wNm/kqN8hCeGhWB1cJNr4sjNPaQt1CpaAPjbfShbcq,Anallese Hevey,ahevey4t@admin.ch,10146,2020-07-13
102175,Janek,$2a$04$9meyDxRqK0/kjFjwmVhm7OEIgsbT4LfkvN4e6hw1eLOxbe3rxcON2,Janek Shoobridge,jshoobridge4u@dedecms.com,529036,2021-10-31
102176,Merrick,$2a$04$iEVeSZewud9yqJrjGpNCaua28ByenzgXWA0A1Mhecj4enWmZY7p6m,Merrick Calrow,mcalrow4v@cnn.com,831433,2021-06-01
102177,Cinda,$2a$04$zp4jGECyAqXG0reItMvNfuFzrCs5SWo5S7J3W88qKLAXYBkyaq03O,Cinda Loyns,cloyns4w@ebay.co.uk,755195,2020-12-23
102178,Moshe,$2a$04$k5ZQdnnkukmuPYbponsCJ.dvq7o2q5mzfF0MGahTp6oHzjIoY/IlC,Moshe Pateman,mpateman4x@hibu.com,264897,2021-07-17
102179,Wylma,$2a$04$cocznawPi.23o0/9SAYlSun0vab2me9o9BnsGRsWxXyQ/iI/tVRsK,Wylma Brazel,wbrazel4y@baidu.com,462973,2020-10-09
102180,Ellwood,$2a$04$kFWQRW5oNWrIzm7l3Ik7K.iyIjNXqZNjTfqSiKAMmhrH3tnjQu3v.,Ellwood Buske,ebuske4z@nasa.gov,496102,2021-01-20
102181,Siusan,$2a$04$uX71Aa7ee10KdnF3hVvpiO1I7SryW75SP4QjqWmWh5blg1GHBfG3W,Siusan Tottle,stottle50@about.me,266653,2020-05-06
102182,Marieann,$2a$04$KxcC6ZhoACw0RrT1VDlw0uZ0eteDz.HNr/0J.lSoSNGkX95b6IFzq,Marieann Pacey,mpacey51@aol.com,330513,2019-02-08
102183,Dasya,$2a$04$97z0ZllEAIP7TUuT.bRg7.LH8nNf3sCfpWSH0mn6fJQtd17Z/ryiO,Dasya Glenton,dglenton52@vk.com,162483,2021-06-25
102184,Arliene,$2a$04$b/oHVzHdD9u3m/adtdt1ROyOo4pe7LfMx4yV1/LXXkulSaPfcGSLS,Arliene Busen,abusen53@umn.edu,156864,2021-04-08
102185,Sheela,$2a$04$Q4MzomCtsqkNe9ehLXw12ecbJ.q384WaPHIvUvVsWfixCNUdHyVVG,Sheela Courson,scourson54@meetup.com,237548,2021-10-18
102186,Lavina,$2a$04$3UPpg8Jxa0mY7iwK3EsFU.1CRAvLRR.3NgOSYsbaRG2yCBgXukUYW,Lavina Sedgman,lsedgman55@soundcloud.com,671486,2020-04-28
102187,Velma,$2a$04$B0JBksvsqUq5MV4oQYtchOpd7e7eeiErQCuOz9FJ0xokrs5fgjJLe,Velma Maylard,vmaylard56@mtv.com,78538,2019-04-21
102188,Inglis,$2a$04$qIFndW4V0HKNczTTsXHzHOPNmVof7hUeVm1LBrFvE2MOB0ewVseWW,Inglis Jonathon,ijonathon57@plala.or.jp,490517,2020-03-21
102189,Lowell,$2a$04$72AC/GDLl3FRNQO25YUZTe72.ckMM2W51lc5lZkDQe2gbt/PWZfPW,Lowell Sign,lsign58@google.co.uk,88375,2021-09-17
102190,Clarabelle,$2a$04$hsOe3Nxj7EZeXF4kgZZvZ..a1P58H63kGbz9/8yqIyC1s48pcdehi,Clarabelle McGettrick,cmcgettrick59@youtu.be,994898,2020-09-06
102191,Ebeneser,$2a$04$jt9ndZD4ss3ljZ9/VkhlkeMOPMTV5cWR4ATKqEveiUTv87vIppf1e,Ebeneser Gocher,egocher5a@ameblo.jp,467081,2020-01-06
102192,Ardelle,$2a$04$UUdgA/iGQq8BNa4rmaU37.dh/GBkOPTnG1BwYc.UA9pN1r.k/6g6.,Ardelle Crickmer,acrickmer5b@360.cn,616772,2019-11-14
102193,Fransisco,$2a$04$KZ8jRs4GlSLR7jCjfwKIzuYwBFZS7BHdsdMkdNSnw5uDjKCLijdJ.,Fransisco Maunders,fmaunders5c@umn.edu,557786,2020-07-26
102194,Emmey,$2a$04$LJQ0kbQ/RHrPSr76h34ecu5L5Orttt4GcxQMDA3tsJihSkZZ.ZKJ6,Emmey Allden,eallden5d@reuters.com,137992,2021-08-12
102195,Anett,$2a$04$A9a5HIQQdD7dN1AmlPxJBuwDQDV5EN0AFHnUFrlEgOiOyJ.HiY/NC,Anett Moyler,amoyler5e@w3.org,860383,2022-01-25
102196,Raye,$2a$04$aXjPA7Txe1Ou.0KLCVoiQOOl6k30YDDkhSdOI4TZKOYb6/kfhM7OG,Raye Bembrigg,rbembrigg5f@a8.net,228907,2019-06-23
102197,Rand,$2a$04$3h0t80WbHqAF5tG9oSXzhOwrZWg2GWHIsy3.FugMseJyOHkj7ipZS,Rand Pietrusiak,rpietrusiak5g@lycos.com,483203,2020-04-05
102198,Dacia,$2a$04$1qH.dSag2cx4ANi91jdT8eQqldBWMZPgQRkFo3kUs7ax2yIu/1fIe,Dacia Carlon,dcarlon5h@goodreads.com,991863,2019-12-01
102199,Almira,$2a$04$1snciDzx3W5qd8BY6pSGyurEfep3n4tohtVTtBGOVq0foMGa1/oWK,Almira Varnes,avarnes5i@studiopress.com,175678,2020-12-02
102200,Saleem,$2a$04$uxMxyVEP.wFBqf7Y5vLbmeU7JCWg7HBhf7isXaZI/Xgfk5PP5nYs2,Saleem Tadlow,stadlow5j@hhs.gov,515946,2021-08-12
102201,Donalt,$2a$04$m8PSDiyuR/CVnm6NrQ3p7uqWnrMPT9GWQn9.rDFGmT/BF9H/InUSm,Donalt Cowell,dcowell5k@youtu.be,479949,2020-06-22
102202,Iosep,$2a$04$TftMMEkzkZfh2kBf1Mu9mOKQxod7GfcD.e8zKrxCYqukWbQsVtLh.,Iosep Divina,idivina5l@t.co,394509,2021-09-07
102203,Henri,$2a$04$05RPQk.I4c.FGPH3Xw442ukAJQj7YjzrmssXvjKiR/lqbIXdfDE.S,Henri Soames,hsoames5m@1688.com,119597,2020-09-14
102204,Standford,$2a$04$jjCD/s.biMVMNe5ENRYGTuKWi0XkLSE9Zlwk7UHGdNOn17Y0UVEY2,Standford Tibbles,stibbles5n@facebook.com,984122,2021-03-16
102205,Morton,$2a$04$2nDeiG7JatJUvmdi0qZLLeqj2UG6bN/ealP5L4cU5Vq3toTrdSQiq,Morton Martinek,mmartinek5o@ox.ac.uk,528439,2019-03-10
102206,Moyra,$2a$04$oLy6k5XAhg6jFgqPRgxmQOhW5KzxulNr9oJ45gGlnWq9b42Q6oa1S,Moyra Wadly,mwadly5p@ycombinator.com,369788,2022-03-24
102207,Nowell,$2a$04$EAp508XTZzit9LfcbaHvJu8NkGUZpuesQPMbKQqmCVIIYJO.wpws.,Nowell Darby,ndarby5q@webeden.co.uk,674513,2019-03-21
102208,Jacenta,$2a$04$F9V5JjzvWFGEYvLUzhgL4uD7Bp2e.zyMO.6zIZSziO4EQYag9V/C6,Jacenta Lamball,jlamball5r@purevolume.com,829828,2020-07-31
102209,Quinn,$2a$04$C46mZ3k1sdiF9BGhau2maeTytHlKIUaoEER7eigpbIBZIcaL5fdoq,Quinn Brome,qbrome5s@amazon.co.uk,496754,2022-02-23
102210,Benji,$2a$04$xPeCFnS9CXMjpoflwdmLceakQclrSedUZF/GRf0UJ2Au2uI1YQYSm,Benji MacMarcuis,bmacmarcuis5t@youtube.com,615406,2020-09-19
102211,Jeno,$2a$04$pjesk/vulXQVmN.zjWmKe.ONI0TjnxUg9GjrRL3LO4m/j0j.LgsrC,Jeno Tulip,jtulip5u@scientificamerican.com,851312,2020-06-09
102212,Xenos,$2a$04$J5p2E5RhQuGWzY7D6HC71.Lcyzty.mJJdxoO0FynH/zjTw.irgOBS,Xenos Ewbach,xewbach5v@businessinsider.com,424613,2022-05-09
102213,Elise,$2a$04$VcEQebaj9h/nPWzmVYFnLO0g9feGCARaYlSZ7eeTpSVFWxo23cJ26,Elise Ecob,eecob5w@hud.gov,393285,2020-09-28
102214,Mary,$2a$04$X5an0uf7G9EISgN3hxLDSOqBuLL.31aLwp9/Bl8/lqJWTk9hOdJCG,Mary Reicherz,mreicherz5x@tripod.com,814209,2019-04-16
102215,Mattheus,$2a$04$htvrsJie7j/qnrxTJPUy5uxJy4QIQWhHSG/5ELumudyuAHUslzRgC,Mattheus Jambrozek,mjambrozek5y@ameblo.jp,873386,2021-10-24
102216,Carmon,$2a$04$EcOc9aiSuOZiiWyPpDKwCOVJtEOhRL0p7BYNSlYLbgUPFonUgPx3K,Carmon Erni,cerni5z@deliciousdays.com,799750,2022-07-29
102217,Kary,$2a$04$trdJ0.tiwWQanUUDTS.jC.vf/PUi6d6kBb0qDwTNN1WMOe7vqjegu,Kary Rosenfarb,krosenfarb60@blog.com,639479,2021-12-06
102218,Katie,$2a$04$TWT3xmiy30dcBpu2aJjNjOKchuIEgopyx6YWzXU2nYakpk9zzJ0U2,Katie Waterfield,kwaterfield61@theglobeandmail.com,535145,2022-09-22
102219,Manny,$2a$04$lAsB7igm09QxTl6oNCFT8uiAdVAXuHbBw3GaWkvGJRQ6Ior24HT9K,Manny Vanshin,mvanshin62@shutterfly.com,366401,2021-06-17
102220,Myer,$2a$04$t0n3ZYNtjnDkFnZY/kchpOce2pfHsxBEWAich0CkEa1GL8CZ21yjm,Myer Edworthy,medworthy63@amazon.com,670881,2019-08-14
102221,Glen,$2a$04$UwmEAb9OAyLCMy/U0AInOevBgKwj7B9RPUEDk1DsD.ruTOxV7Nq/e,Glen Toderbrugge,gtoderbrugge64@fema.gov,978545,2022-01-05
102222,Lauryn,$2a$04$rkenlr/rqz2lUGpfofZsAeQtnmG4EQrAt5egAb7SE7Pdn9GSRzR7S,Lauryn Farrance,lfarrance65@stumbleupon.com,553660,2020-01-09
102223,Pauly,$2a$04$2G/jSi6o80VEuaPhZFs1P.efrjqwrrhtDrHEQZ.1Z/JE9LHuTbwJO,Pauly Barten,pbarten66@hp.com,756983,2021-07-30
102224,Jordanna,$2a$04$XpRf4f6H.I9OMDQi3V/Tx.l/04p37DB5.BmLx5WkDNFWr2OHX4Nna,Jordanna Tyndall,jtyndall67@pcworld.com,570195,2022-08-06
102225,Terrye,$2a$04$me4ebzMT5tO/FVnAXgpuRuEamsHdSpg0fiJoNzZkBhqK7ecBZDGGO,Terrye Gwyther,tgwyther68@redcross.org,829644,2020-09-24
102226,Mikol,$2a$04$s.vW5Fo9uBr23EZGNUJdCOtnWJK2q9gOeqa5R6G/74OHyAw4xPm1u,Mikol Wingfield,mwingfield69@amazon.de,557421,2022-06-24
102227,Caddric,$2a$04$nOQokORni2PaSfJV7JiPRuJduC8DHKNVhSaT0ew7UF06jl02EvK..,Caddric Pencott,cpencott6a@youtube.com,388876,2020-04-07
102228,Damaris,$2a$04$7YPkHnSnv9DbR9L8Irg3Kuat5a4v4WOeUO/hX9XoybYVjXDgFQ73.,Damaris Jancar,djancar6b@soundcloud.com,525993,2022-08-01
102229,Sibel,$2a$04$hERvMrP0tNlZYLLFSSV6dOHMzrSsTHYJqu4PNHoBGrjVqz40J5rqO,Sibel Jewel,sjewel6c@nih.gov,501617,2022-04-21
102230,Angelika,$2a$04$r.4JmXFmEORrjOpmPDmgrOowgNapr21lij8cV0iNHjB5oAbCXo9OO,Angelika Canape,acanape6d@constantcontact.com,167481,2020-06-05
102231,Archer,$2a$04$qqRilAcgMnI6AQLC7GH4zuRqnyCYLtybiwCt0KZqZHpZjRn8UzYCu,Archer Kubanek,akubanek6e@taobao.com,768883,2020-07-31
102232,Burr,$2a$04$QgC4OrbvOc9enm2pzzjuZuAgHveMFyAvB7A0iZUaJiPOyw9hm0OBC,Burr McCrow,bmccrow6f@rakuten.co.jp,572520,2020-08-11
102233,Leonid,$2a$04$tSsUaLCTyug1E0gSKrMVJuUB44ltew6CwZfUyQSLAcFmJGW.d9TSe,Leonid Fairnington,lfairnington6g@xinhuanet.com,274363,2020-11-24
102234,Joletta,$2a$04$IDC8VoKaSsI.kSjUmC6.meenGw89e3eIlXyTLVZMj2dsoY6flADrK,Joletta Noury,jnoury6h@discovery.com,839568,2020-01-23
102235,Barris,$2a$04$WSXHoHyKXFkxX76Ueir.VeB3E602cknVINPwb8xaWFrrtS4Nn/pkC,Barris Beeson,bbeeson6i@delicious.com,531140,2019-11-09
102236,Halsy,$2a$04$MN4WDejUzCB4t4.lJHq8u.qRonC76ikAm0mAAuhfaiI7hEEQwJGO2,Halsy Mannock,hmannock6j@ox.ac.uk,492115,2020-05-24
102237,Jan,$2a$04$0UjkIvX2dG.WwXM4ujUopOphJPYUt/krk2T9pA4esIDlpgz5SP2yG,Jan Gulvin,jgulvin6k@privacy.gov.au,425950,2019-10-23
102238,Sheena,$2a$04$nBdW.ulWAPwrX0rdpi8sVOGYRDYlt4heC2xowMRRhjCYE7hMR4f.O,Sheena Durrance,sdurrance6l@pcworld.com,616578,2020-03-31
102239,Dianne,$2a$04$VWe1qzqJEcJZj1HFOLspFOMESyamu5.zCWdIZxi6LFalEW4U5/rUC,Dianne Dybbe,ddybbe6m@diigo.com,723165,2021-02-03
102240,Fields,$2a$04$CJN2ym8u34fwjiIX40EcAuALJPprrDPFWR1L1WFY1EbO0a/mmyGTe,Fields Medendorp,fmedendorp6n@cornell.edu,547283,2022-11-04
102241,Killian,$2a$04$6bm3WDDJ06jYlNqQ9STKV.b3HMONHMCB.NWQHwRrfupP3kDUwJOb.,Killian Cicchelli,kcicchelli6o@bloglovin.com,442423,2019-11-19
102242,Trudey,$2a$04$GBWALo01KtQYjyyWXUWiG.ODO1ix64vdz9.lpfAh/RVE3ubLIXXAm,Trudey Goadby,tgoadby6p@globo.com,523403,2020-05-16
102243,Brnaby,$2a$04$VsQaE.x.ISkpuL7I1wm8fOPA5Vi9R5CEvRSzU2fT8LFSh3v53NhU2,Brnaby Castletine,bcastletine6q@businesswire.com,298744,2019-03-25
102244,Dania,$2a$04$sn6CR/2gwUk477pmSGaRNu51m0nMx5A0fNyEiJH77r1e8VfVPcuLy,Dania Randles,drandles6r@twitter.com,633397,2022-09-28
102245,Gilbertina,$2a$04$eWOcNOo6BFwdeGPNT9GLZ.7JLKw1/5xuKGJIJGc74HboklcZhucNC,Gilbertina Oakden,goakden6s@creativecommons.org,100584,2019-09-15
102246,Loria,$2a$04$EvsBpgKb897cwswFabzwvuvKuAUS9L7BFtcovS9.7xiNAlG7wfjpm,Loria Lowthian,llowthian6t@wired.com,555340,2021-02-12
102247,Elaina,$2a$04$xlzk8lYA1MkX8LzceHFWEO2/AHXNp4Li.FNhaOn9hJ2PFOGe1dVFe,Elaina Dawby,edawby6u@gizmodo.com,49876,2019-08-23
102248,Innis,$2a$04$VOpq/8R0vIh1UIPEFERf5uuF17bb6mM1HDODPFKiKOryK24tS5FQ.,Innis Hunton,ihunton6v@businessweek.com,33849,2020-07-16
102249,Mabelle,$2a$04$PxaShlvnyI1NJd1kRYFsDeHsJQ1i3b8zM7MDhLpifv5rg.7hcMmi.,Mabelle Wipfler,mwipfler6w@bing.com,251515,2021-05-22
102250,Kirby,$2a$04$tZO6ya.1U89B/l2QZIK2TeNQp09kgUE3AgkWypKsH3l9B3ycuzS9i,Kirby Messenbird,kmessenbird6x@tinypic.com,349404,2021-09-19
102251,Valeda,$2a$04$fcFM2CWbxHcZ1szANDIw/ux/x9l3WUeodKVvorvm1FnXMpIJnnoDa,Valeda Moyles,vmoyles6y@uol.com.br,678276,2020-05-29
102252,Gennie,$2a$04$dEVNcSL32g7gsIU4Bo8gXOxX1KsuKiOmvAajTxWmhgaU48n9DGJRW,Gennie Sutherland,gsutherland6z@sciencedaily.com,762135,2019-05-01
102253,Antoine,$2a$04$HNbt8POe7yj2lQ5SX7Juguo..jq9wZ6Jnqcxj6Arj0JkmWQgQ6Ika,Antoine McCaughey,amccaughey70@parallels.com,383519,2019-06-01
102254,Valentine,$2a$04$6oMgtLakj5ensYObpKpg7O/48sUzMfOt8wOJQIDm4Tr2w7EWNm77q,Valentine Scorer,vscorer71@go.com,200228,2022-02-04
102255,Lynett,$2a$04$rQBrVQy2WY.UdI.2DMb72OScJCGuGQlmVU89Wge3bNk5veg6B5E8i,Lynett oldey,loldey72@usnews.com,333086,2021-03-16
102256,Tracey,$2a$04$UQEO0POZ0Kyg7PxSvXiR0eMcZv/joOtsXhg/FpCAcuE3GIVxiZ9Wm,Tracey Baradel,tbaradel73@barnesandnoble.com,408899,2020-05-13
102257,Loleta,$2a$04$hPG3lS2GxjAXjV5i9EKKX.RnWpZDe2/zex.eKy.wG.d8ZIsymW/9S,Loleta Keigher,lkeigher74@flavors.me,107597,2019-05-05
102258,Corine,$2a$04$5kXxBeZfflNBvPaMFT36aO/Sm4pozlK7glr4LBGjDtAIaR26f3gXK,Corine Bruhnsen,cbruhnsen75@sakura.ne.jp,835719,2021-01-04
102259,Ferdinande,$2a$04$Y25Z5Sjx2KqUEBv5TZcgcOOh7GPKFAuS5ThYcl8hfwCUyp8Lyvbru,Ferdinande Gerrit,fgerrit76@fc2.com,71115,2021-02-11
102260,Tomaso,$2a$04$7sks2gh9lITaT3RjAOXa9e8wvuTnaP0m9KcxbduyTxhB8z.luY.kW,Tomaso Latchmore,tlatchmore77@scientificamerican.com,114818,2021-05-31
102261,Giustino,$2a$04$WXBL9jaighy1jnv2.k6R6OlYJjtouQj6doEqTHYNV9LyhvB1LT0ki,Giustino Laborde,glaborde78@mit.edu,675626,2019-05-11
102262,Selle,$2a$04$irk3/K5Q5gjXBarNI68gV.ODLqCBRMHz4CyjVjeI.K7Zf5yDD48GW,Selle Friedenbach,sfriedenbach79@ucoz.ru,37521,2021-09-01
102263,Kelsey,$2a$04$PIlyj8xbLv1deAi4S.ycDe27rdacvLQWuvdzrr2cWWE3FqqqFMlqi,Kelsey Bimrose,kbimrose7a@github.io,677487,2020-06-10
102264,Simonne,$2a$04$SfNKtYeXBtZlHazp6yAn4.xtRIwX5mvqoslo76Mqq5pFLKUdTNjBu,Simonne Vivyan,svivyan7b@shareasale.com,744220,2022-09-21
102265,Lazaro,$2a$04$4E5dtfVQ93sPegetJO.bPu0Yu2bPlDd3Ds7RkPH9bE0ZBcOl3m2T6,Lazaro Tomicki,ltomicki7c@foxnews.com,669480,2022-08-24
102266,Waite,$2a$04$IlB0/GNXVUr8C3pDqdW/5.Tri4wCix7DFnoxR8W/O77eJNbNrW7Ba,Waite Dellenbroker,wdellenbroker7d@ucoz.ru,567027,2019-10-28
102267,Rustin,$2a$04$E.zcshOfM5V10eHz2SQg3e5g1pu0MUX2zlIHAb8aeviM04Ogc.Niq,Rustin Jacqueminot,rjacqueminot7e@nbcnews.com,468863,2020-11-14
102268,Mia,$2a$04$1zcAl5q1erpdXaOEQ2Ygqebm0ecmppTBMZhpye39WqNeQRfqhzl.K,Mia Joskowitz,mjoskowitz7f@guardian.co.uk,159712,2019-03-31
102269,Callie,$2a$04$ISSKwXV78Iqr7e/.00PwUeh88DhXMJg2fnFPZWpg/4Qys9u04Ps9u,Callie Ongin,congin7g@dion.ne.jp,19535,2022-11-14
102270,Christal,$2a$04$VUFOYWyaaROA9PXwGXvlRuXieQh28nNmsTUTzhfAgaZFMbQgRqo4y,Christal Fallowfield,cfallowfield7h@theguardian.com,970569,2020-05-08
102271,Urson,$2a$04$I15Sym1U5PdSXcwhzqIwvO65s/170rzCpE5noiGUhfAQJorumidkO,Urson Carmichael,ucarmichael7i@ibm.com,182974,2021-06-17
102272,Trey,$2a$04$PQxu/6BdmZM6LZWmnygi2.6aChC5Ck3YVYBAZmICEAibhwPNLA1QS,Trey Lurriman,tlurriman7j@newsvine.com,69678,2021-09-14
102273,Cullin,$2a$04$K01Enwk1wrlqishJ4H83Ruk7ooHsFBIgzRXoXMYSAzoshILxTn9/6,Cullin Tock,ctock7k@hatena.ne.jp,111182,2020-04-06
102274,Shari,$2a$04$XLLu0FUcV3uP0sjWIGjcceen0WN3EwEKqlm3g2vyKM8HBrvre/Mna,Shari Aspling,saspling7l@timesonline.co.uk,973343,2020-02-11
102275,Gris,$2a$04$V6lMytX5t/YaVqMf3O8o8u66URHGpUTrBkVKjzr6f1QWMAMP5KzTG,Gris Eyers,geyers7m@gnu.org,363483,2021-03-03
102276,Cherrita,$2a$04$/s4hDu.MXsIs24rvZ5cAeeC9KKOVXVoKjArbic/zjsuZQhCktCfNK,Cherrita Yuranovev,cyuranovev7n@ft.com,802874,2020-04-06
102277,Karen,$2a$04$Syq/ttIUR//0aPHvcyC7r.hYC8T0cWQ7r40trfiwoLI2UW4s0zTmK,Karen Anan,kanan7o@telegraph.co.uk,102888,2019-11-25
102278,Mirna,$2a$04$rDDO9pm9C6yLl7ocLFTcROsOi9sm2qHU1rActAHYNvPknAP.hypv2,Mirna Birts,mbirts7p@goo.ne.jp,594371,2022-03-18
102279,Tanney,$2a$04$3IpwK9YVt6oJVEpZt.OiOOW9FAkA647xPim4fsHDltNbAkU9OCX0e,Tanney Vinten,tvinten7q@google.com.br,883070,2019-04-06
102280,Sandy,$2a$04$RHm./Qqry0aIlQg03QeokuXzEKYvPYBharGzRYzm2/aRqDhOnvGPi,Sandy Frankham,sfrankham7r@smh.com.au,642295,2020-01-04
102281,Leanora,$2a$04$2CVvvpyY2H.1bK9AUTccuOtNcZ5Gcc7ggh7Wj0Yo5Lt3L/DjoKXQ2,Leanora Housen,lhousen7s@wp.com,677887,2020-09-07
102282,Alfy,$2a$04$IHp.JlXSurwnqgaPcZBAru5tyaOvNesWlZDoWehcpyX2/vjdHtOd6,Alfy Mogford,amogford7t@prlog.org,196588,2021-09-08
102283,Dorian,$2a$04$hRrHtjGruE3f/hvwO9LTwecJv4iAEedEQ4XI3MU7gknaoVwSHXYgq,Dorian Hartright,dhartright7u@over-blog.com,705797,2019-08-28
102284,Anthiathia,$2a$04$SEG3JFy/kwCJanWqKvf7nucVEWhWLwG2/u3RxLI3sFRNyJF/sX4ue,Anthiathia Barendtsen,abarendtsen7v@loc.gov,959808,2019-10-07
102285,Cindelyn,$2a$04$7h59LXm4GZcvl7JH4/KIU.Uo0xZUWoqaXrdwuIympr.jPOsPVrWSC,Cindelyn Beddingham,cbeddingham7w@gov.uk,175554,2019-04-13
102286,Tucky,$2a$04$cw0aa.QxWKo/FXa2nKuLyem6XyOx.alJ3oPUet3Qw2U3m0QUjDmBu,Tucky Rubinfeld,trubinfeld7x@people.com.cn,744110,2020-08-12
102287,Waylen,$2a$04$l5xKcTu8VsOi28yf2POQ.ee0YCZWJGTnUzI5inpv4Aml5ZHSDFRoO,Waylen Tesh,wtesh7y@businesswire.com,681349,2022-10-24
102288,Joaquin,$2a$04$xZihixblnkKiWN3lIcHLHeBOSWiczjc5DXU/UUnAgHwlwGaRB8Ll.,Joaquin Geharke,jgeharke7z@salon.com,380544,2020-01-06
102289,Victoria,$2a$04$80SgAQ1L3NEcAEih8WM.zubv76My.o.gwWhhzLulM9BVVPvcx4w/O,Victoria Muxworthy,vmuxworthy80@quantcast.com,531694,2021-06-24
102290,Allegra,$2a$04$.lcaRfuog9tiXWUonSCIceRolo6jBZGT2/eOknmdJk12Ol2w9LGtG,Allegra Strethill,astrethill81@senate.gov,124240,2021-12-23
102291,Druci,$2a$04$FRMB2rtOtwD4Jim8oLj8H.vm.aRQu/f6hohhZyHuj4KYFaobxv0tC,Druci Fancott,dfancott82@pen.io,206901,2019-08-10
102292,Rebbecca,$2a$04$f0UZbHpJGKjTufv6EY/.YuwpaFDC.p74piw.T6P34P4bWf5w8Acva,Rebbecca Mardlin,rmardlin83@smugmug.com,752583,2019-08-06
102293,Lucille,$2a$04$VYL9MyPyRoLXKkC.ONrilOvGLU9m6i1YtP.1KjJXAdLZ4z0n83ANq,Lucille Goude,lgoude84@histats.com,510276,2020-01-29
102294,Janella,$2a$04$NnZr3GhfaW8hg2dnyLNLSOsq2EWuhKAHSzbjRM0k0KXFxvA9e1UNy,Janella Soden,jsoden85@e-recht24.de,583361,2022-10-24
102295,Gav,$2a$04$qwdd9yIWiWGgk7XwnsELF.fmz0aTyfJwFhLgVdyd61U5PFNV93Y5i,Gav Northcliffe,gnorthcliffe86@wired.com,129802,2022-03-06
102296,Kimball,$2a$04$L3Ctd1yBJ6zSlSK9AhETr.Ki7WhLyCCKNi917Y1Yq2gEMKgCQHcka,Kimball Klagge,kklagge87@businessweek.com,650820,2021-12-01
102297,Margit,$2a$04$U8oxi/ifiTzVf/QcdIJWJeQ7Sue/XSfMmguwgUlJcGpHuduoz1ypK,Margit Willcox,mwillcox88@arstechnica.com,836381,2019-02-03
102298,Fenelia,$2a$04$8hZdZm2xDOInTZsvF00Lkem4f9z/gEi4I0vVHEVucZljycu/Rc066,Fenelia Clotworthy,fclotworthy89@berkeley.edu,722797,2020-04-01
102299,Jemie,$2a$04$JAEdRFqW4ly77k.6Di4YIuLcGYdd2NSyYWr9/q5dQVnFEKvdFhuyW,Jemie Widdop,jwiddop8a@arizona.edu,878185,2021-12-31
102300,Melony,$2a$04$0EjSjUKqDmGxqsCzjud61Ov0A/eydts5ERYeRzYmBXcSgonJDO.Dm,Melony Hundall,mhundall8b@nih.gov,639441,2022-02-06
102301,Loella,$2a$04$DJoc/AVzVyvu.pO6Q3JLoOweWNK5JayvHi.RgrhA70JFo49GRLFza,Loella Rehn,lrehn8c@discuz.net,232042,2021-03-10
102302,Pincus,$2a$04$qICZuJY3DJJQZ6/gVL9OGeA69kMGHMflVYdGCRW9HZfAY1Cju6Tue,Pincus Weal,pweal8d@abc.net.au,884790,2020-12-23
102303,Lucia,$2a$04$EZVQvB2qqQx01LCzTYc0.Ol0ObyMMl14Y/MsneRHl.Fh7wfWNM0h6,Lucia Watsham,lwatsham8e@discuz.net,118175,2022-11-09
102304,Christiano,$2a$04$cWbmlSe9GpIucN/HzxDFHejUgZLMx5CS1bFRAMvg1ERxFrJdCpvdm,Christiano Drable,cdrable8f@aboutads.info,193023,2020-09-09
102305,Connie,$2a$04$1b8wFffkrBNz34qodD62YejqHSYt8Pku1r76qm.3uHaICjM1t/xK.,Connie O'Fogarty,cofogarty8g@tripod.com,682368,2022-12-10
102306,Kylie,$2a$04$c8juxcwpc4y2S9xxQ6DaY.CaZp0PgMywbwxV1doJhELz1KCfu3GIi,Kylie Squirrell,ksquirrell8h@artisteer.com,855321,2019-04-17
102307,Noland,$2a$04$M9EpHbeDEFUlk11KKkE3EewZGDC2CdxgZQnntNEkJY0YcNc5Kjkye,Noland Saffon,nsaffon8i@forbes.com,282406,2022-05-16
102308,Marlin,$2a$04$kUidTRR580isBnIeKZgTS.DrsouuGyCKuhY8RE5i6bHD2cu5trZZC,Marlin Edgley,medgley8j@google.com.hk,325672,2020-05-22
102309,Zandra,$2a$04$JepmGujqH8Lyh1g3zjp8GuqsLYkaxaCMznhEim40TZMB9qZgswmOi,Zandra Fearne,zfearne8k@fc2.com,818024,2019-09-24
102310,Annetta,$2a$04$s9D91WQWoDrUdc96s/ssFeK/eXk0KECZX2P3.bHki2RkF8u06dqkW,Annetta Finey,afiney8l@blogspot.com,752792,2020-06-17
102311,Jacquelynn,$2a$04$HJJqM81q8Js7GKGkU5PyL.feVV2Tb4.pyvNwBeGZcmH9CVlAmXjM.,Jacquelynn Eddowes,jeddowes8m@cnn.com,586549,2021-02-08
102312,Alverta,$2a$04$otL00rfJvuVI7ID4267vQeo.iRCXEzZbQwRrChVZafPp4W52lbsl6,Alverta Cristofano,acristofano8n@tamu.edu,171392,2022-10-20
102313,Frazier,$2a$04$l9zUte2UkwjlS502k2dvfe0HzGYH4kavK1ez8OntIO0xfsbkaJ0Bq,Frazier Glasner,fglasner8o@elpais.com,291095,2022-02-08
102314,Lillis,$2a$04$KlxgZ4y50tZjzvbA8Mihi.G.PP7hKXfRaznMa0fruwgZFGcYcBV1W,Lillis Corteney,lcorteney8p@reddit.com,476365,2019-08-07
102315,Bidget,$2a$04$x6BMVE9n.pqeYW3jWWETSe68UTNQ.Icjbu2wb9KyXn.GEVJsKebz2,Bidget Trevethan,btrevethan8q@rakuten.co.jp,385735,2021-06-23
102316,Lucas,$2a$04$ITFjgAF2pybc3LLTm2iJB.MZ9DpR7WUikv7PL0giRYngAAJsKaYUy,Lucas Skivington,lskivington8r@answers.com,998920,2021-04-02
102317,Cayla,$2a$04$uBpLDRaa1mpExdDlgxiQzORAfMI0jWdK5dta6nu6Qg1t6DRoq75Na,Cayla Gaffney,cgaffney8s@newsvine.com,119608,2020-07-12
102318,Amata,$2a$04$ROYUBPO8tWdKbrOBpfk31eREUDGA7AweBs.QRCNEQRNEF9oWIz7cK,Amata Yakuntzov,ayakuntzov8t@bbc.co.uk,658378,2019-07-16
102319,Dionis,$2a$04$5qvMYQhyrWpkMgoKXP6d/.efCv0TkWprAsiVXiexZIfpnboUq9XTa,Dionis Ellerton,dellerton8u@hatena.ne.jp,94154,2019-05-15
102320,Sharai,$2a$04$HyWqdcwFkeczeuKg15D2Cebir.Lbq4.qWIqnkXgSERnQNGhLSF7wm,Sharai Annes,sannes8v@barnesandnoble.com,944952,2022-04-22
102321,Jamil,$2a$04$ro23fhd5n26bWPyKDtGfb.8O2M71qZsghUZcrC07K5EF.P1J.yNx2,Jamil Tipping,jtipping8w@umich.edu,748933,2019-12-08
102322,Bernard,$2a$04$S0p35amMzv0ALAW7tLdnFe/z4GHnQK5LGKPErhVEr2ECJ82So3mSm,Bernard Bemment,bbemment8x@fotki.com,211410,2020-03-16
102323,Eugenio,$2a$04$RKIMB6/UptxkI/uNMtTJn.FNveI92pL1QiR39132CRL0oayw7axtG,Eugenio Downgate,edowngate8y@unesco.org,254550,2021-06-12
102324,Christophorus,$2a$04$uyEeOG4emROXPWap4U9nYO5PVStwtZh0mjuPvuyR.Xd5mcmU4PFrK,Christophorus St Ledger,cst8z@oracle.com,225406,2019-08-13
102325,Shay,$2a$04$I1rynq0mYdAYFe/e.4IKTOVbSIYOhZmLqzC648aK414gZIkl4Y.8G,Shay Upsale,supsale90@dot.gov,333787,2021-08-24
102326,Kin,$2a$04$Sq31WGnlJdAcT/GEkwxNEOgS3DYErptUGTj6ZaBLuNe425CcXdt0O,Kin Clemetts,kclemetts91@accuweather.com,266718,2021-10-14
102327,Zedekiah,$2a$04$6OR82wFqKrMMnOBzvoGldubvVLk2DWHXOHvjs5iXahigEda8oitFa,Zedekiah Trevor,ztrevor92@youku.com,177600,2021-11-28
102328,Jozef,$2a$04$/VugXFfm9ifjPSRZpOkjeOEx/Ft2.1OLwMazhcOBbEwizwp84nzny,Jozef Camilleri,jcamilleri93@com.com,559352,2022-03-07
102329,Barty,$2a$04$2Pg0ofzgrARduP.2zvpjcuLSOPvItjf7YAk8j31vHs.pTya3XX.3i,Barty Winterbourne,bwinterbourne94@seesaa.net,633344,2019-05-09
102330,Wit,$2a$04$tPRmMvrzEJC2eMZHhb8/5eZPtlMOMM4UpjoVscycpZWogVnkOZb2u,Wit Bartoloma,wbartoloma95@wix.com,635460,2020-05-22
102331,Lynde,$2a$04$xjs.w1x5i4393uuElLcg8OJzcX8zKnT.dpw367h/iHP0.iTDTnqbK,Lynde Carous,lcarous96@wunderground.com,567404,2021-02-13
102332,Meyer,$2a$04$bUIg/eFfnHPLc9oixnAmUuS5cLeEw68Bym6xaI5vCRMOxu18xDsJy,Meyer Hanlin,mhanlin97@boston.com,959973,2019-07-12
102333,Angelico,$2a$04$z24Sh2IpKb0trT9dZPOpQuzNbv0rQxmJZ1EwUM9ZIEgVyhb5u3KW2,Angelico Mault,amault98@abc.net.au,535079,2019-07-24
102334,Tillie,$2a$04$POS5x.Tlf/G2lzjFZ//EHeLXsoyVHHL0yitgAu.UCUAoRhjK1PWvC,Tillie Ayto,tayto99@discovery.com,988356,2020-08-10
102335,Malanie,$2a$04$moW1cZtvv9XIW1qltczLu.28rGqMMYTL3oPswobCQcAB1PXpSn/vm,Malanie De Beauchamp,mde9a@cafepress.com,362844,2022-09-30
102336,Cosette,$2a$04$M2Ec1t081fVBGjmgPaHLauQaYxY056oIj58gFWT43QGuZrpmJFpvG,Cosette Tomney,ctomney9b@paginegialle.it,732873,2019-06-28
102337,Lauryn,$2a$04$SaCML/C7S8AOqmWwq1Pv2Oe4wXGjnwX1/GgVSWLDLXvYmVcQRV89q,Lauryn Georghiou,lgeorghiou9c@sphinn.com,465878,2019-08-03
102338,Bunnie,$2a$04$qMkfmsd2M16VbgxPvSzXdOQp7AZ.Co4djFh4NSNXSoZ5i85GnSEOu,Bunnie Smardon,bsmardon9d@alexa.com,868290,2019-12-23
102339,Kylila,$2a$04$4m.7ITP5JUPFvTvymYWPUenIxJFdoV24rTXMA4ISJX37d1CJCyIM.,Kylila Lappine,klappine9e@list-manage.com,738732,2022-12-27
102340,Kendricks,$2a$04$mIiqleKz5CltkKHl6RhbUObdqFGIbmSkl2zs4bfaW4tzzE/ngdWcm,Kendricks Koeppe,kkoeppe9f@fc2.com,942187,2020-02-12
102341,Giraud,$2a$04$7J6y8VgmbnY3HPa3HwoBkOF.fO747srL2C/826QNaigsNJ8ac9Y4G,Giraud Matthesius,gmatthesius9g@tumblr.com,403854,2020-08-01
102342,Payton,$2a$04$LN1TJPFWmaw6tJWJWZfh4.yCzMGoT0R3aSCKWgcUb9mrKi/A6WtTa,Payton Sugg,psugg9h@topsy.com,975035,2022-08-21
102343,Ginevra,$2a$04$N6ScJ3OxCW92DwQdErwzCefspwdsmAZNp009tZfHmlhGkImsu4/da,Ginevra Phillip,gphillip9i@about.com,761523,2019-10-04
102344,Cara,$2a$04$gWo7CHRvRS2Yt3klht63dO5QTJnCn3DwmZX.aOuYFskuNzz4KaNBy,Cara Sulter,csulter9j@fda.gov,288883,2021-03-04
102345,Marguerite,$2a$04$7gy0ZTKjD/Uzj7Kq3IiYeuMYARuU4.hPBxWF/OXERQDNp0gCnQwUa,Marguerite Freeth,mfreeth9k@psu.edu,279487,2019-09-10
102346,Bronson,$2a$04$wBgzaXXaHcl3svRUmAY1su647q.1psc7voZbir7fx85YsGwSOv5qa,Bronson Bloor,bbloor9l@comsenz.com,552871,2021-12-27
102347,Archy,$2a$04$Bz/JDd8fsZQWxBU7FslhR.4/CplUsynfATJbKsMckKiIvnwMH2uvq,Archy Wain,awain9m@hhs.gov,121963,2020-09-29
102348,Tristam,$2a$04$7/lcDqF6GTN9ZxMMNpbSeO.fyTeZ15mDL9fn1zkpaFjYrgWV.zWV2,Tristam Emney,temney9n@woothemes.com,30308,2020-08-29
102349,Tabor,$2a$04$d9Uc0TnSWUf88eJ9DrsMPON.IQRpcBpoJ6N2cgiighEV6wVZBShcW,Tabor Rawsthorne,trawsthorne9o@about.me,109237,2021-02-12
102350,Jefferson,$2a$04$fAOsj5SaPafyFfy7AaXiAuIbR7wf3TIPL1PNlBsM0UaGlXXQqFlPa,Jefferson Cubitt,jcubitt9p@behance.net,333299,2021-02-02
102351,Claudio,$2a$04$axXQW0pPix7UV1Tj8x7PSOI5WtXkI1RUJWFyVO6EKQxev97nO9aRa,Claudio Lehrahan,clehrahan9q@fastcompany.com,899382,2022-12-31
102352,Leonid,$2a$04$L27Q36JRyEj.BwB0fyy96OBxGBbnoG/JtB/ZmbOCzWXOujzSJlqj.,Leonid McRill,lmcrill9r@microsoft.com,367207,2021-01-26
102353,Robby,$2a$04$wQHZbe7h/TBeN6j.wB4b9u6ICjcnqNC8ughBk88ABlhxO.GC4e0Q2,Robby Mandre,rmandre9s@about.me,219016,2019-06-02
102354,Minnie,$2a$04$6KDbw1/fhthEz.w24pKMy.19Ed57eXtBXgHFAZCa/Jn/TE8FeuPHa,Minnie Urwen,murwen9t@lulu.com,819431,2022-03-21
102355,Brittany,$2a$04$vPTUwNEbpCKntpFf8ieWTuD/EfwRvODRwJeM8iHTDz.D/tOr1mnMa,Brittany Stellin,bstellin9u@blog.com,967909,2020-01-20
102356,Genia,$2a$04$hyPp4fbjVuls8GeUMaoNAeX4.ePKaOw4s5wCDRw23WPlPy//kHgp6,Genia Fossett,gfossett9v@simplemachines.org,264872,2019-12-17
102357,Chaunce,$2a$04$3sDiLVTRBwp.kgIP7fOtmehUvWaBb8XHizqwYgmXm2fakcYokfyl.,Chaunce Goozee,cgoozee9w@friendfeed.com,236972,2021-09-09
102358,Toma,$2a$04$.q3uaDlnmLvtTHJW3HHCPOGxETAsYMhlwnYinh5YAiuCyD2DuCIaW,Toma Ashforth,tashforth9x@prnewswire.com,178108,2019-03-01
102359,Alex,$2a$04$USrLRuKEk71gDGSyZDYcOudpFLTuwJ8ox.8MH9PIP15HVfTKh018m,Alex Cutcliffe,acutcliffe9y@cafepress.com,43144,2019-11-01
102360,Blayne,$2a$04$Mgi9NJLDeEMev.hgCR3Ehu73A5S0t8NDE71/uJzyFSfhxcujjiXny,Blayne Enrigo,benrigo9z@mac.com,851702,2021-05-22
102361,Talbot,$2a$04$Qx5ngy5UknOgo8Nx6SFhIex6uOqcdM9XtKeScCQ0dWEozAdyfbG.W,Talbot Sushams,tsushamsa0@geocities.jp,166556,2020-10-03
102362,Chad,$2a$04$1XiCvvtUDU.H6uwI.hR6Zu6V2ByKLZAZkJNXfWF5t.1TTmP.TGWDS,Chad felip,cfelipa1@php.net,837709,2020-10-29
102363,Reina,$2a$04$c9CiSb/Xu6BlSIAaJfrAbel9x0FmBn.tBwNkxmqHaybd3nMSyLRi2,Reina Westbrook,rwestbrooka2@ibm.com,178731,2020-05-03
102364,Zorine,$2a$04$nI1rMMuXU43DcOp8QhFnr..o7MDBIcKIDiffxesJ1KcOxSFf6RGnK,Zorine Rudloff,zrudloffa3@google.es,973625,2022-02-06
102365,Leandra,$2a$04$tJ4KWR9tL/ql3.A7kpoMyukVH17GbCTR6K/X3e18A9JttKSBqqslS,Leandra Fulmen,lfulmena4@plala.or.jp,46640,2022-01-25
102366,Baxy,$2a$04$9W0tIB2b0vcXCM1J9L2w7ul7qxF4gjXzyy7egn97e8T7GWs4Tsz1q,Baxy Greensite,bgreensitea5@tamu.edu,522013,2019-11-28
102367,Valma,$2a$04$ZXlnaX/l8SnwI6DnMAzEuuiBzUcCgSJTYJdhBNrrpiH3M6xu4YbCe,Valma Primrose,vprimrosea6@ftc.gov,232427,2021-03-17
102368,Care,$2a$04$LgsP/xCM8XeVhrpMWMIPqOJOLH2iINEiHEpMXxX/Yi5SoVqiVvhIK,Care Filde,cfildea7@networkadvertising.org,550574,2020-09-15
102369,Pammi,$2a$04$y6ABWdTYuEe2vdcjiXq1MeZFwZRWx6vZd8jc00XzhfLfKD9/cXRcm,Pammi Josum,pjosuma8@illinois.edu,252572,2022-11-17
102370,Jerry,$2a$04$FPVk.7pY9uhbHCgrco9FLe42W0I9qyKuYPWFLjhvNCvqi/WRPcZPi,Jerry Petraitis,jpetraitisa9@desdev.cn,973205,2020-11-19
102371,Anestassia,$2a$04$hb1AZL/d1CvwowkM9rhzAuDKW5hir0TxQ8r5VOkkYBKmFqX2kYgJ6,Anestassia Ludwell,aludwellaa@sphinn.com,939586,2020-02-17
102372,Merci,$2a$04$/gy1bpKqpylPomEFXVTg9eB37IEIuao5Oidh74iNKg8e0j70LDv9e,Merci Bernt,mberntab@sohu.com,900583,2021-02-24
102373,Loren,$2a$04$XPqHbIa8mKiJ1ks1YyTdDOPb.cLTAq2HTf1PEt/qZxtK4FRSFFtji,Loren De Freitas,ldeac@ihg.com,109864,2021-12-18
102374,Georgi,$2a$04$uowchaPe8nFHpZFwWhvSsOx/i1Umn/4m5zYne8dbwLJ.uOfLgqDqC,Georgi Kolak,gkolakad@wordpress.com,257933,2022-04-04
102375,Marty,$2a$04$15nfgulZpbmZnKKEKy4WhudatWy4K.B8hadNm5Flo95bZlxB28.d2,Marty Dredge,mdredgeae@netlog.com,950387,2019-11-21
102376,Kelwin,$2a$04$2cD7gis3nzDNQ.XwN77mR.9WlT5SR0RXWr.1k1IH5UKsVJDgBdXYS,Kelwin Noller,knolleraf@networkadvertising.org,370083,2020-12-01
102377,Weston,$2a$04$TMFt.mDYO9kqRfu2q89pE.x1zK1dFmZ62VRYix251DZbHFVOneD/m,Weston Guarnier,wguarnierag@statcounter.com,331964,2020-10-08
102378,Melodie,$2a$04$.yISAfNfEFtSh5iS36Uw8e2D4n8DaT24N3pFQO3xBWGjsoL8Qji4W,Melodie Blasius,mblasiusah@friendfeed.com,490666,2022-04-08
102379,Rick,$2a$04$Ja6VDNwAxl3rcaYiO63YbOQrjxFglnS9s.v0GwalqpQC0CMoI.jP.,Rick Beaney,rbeaneyai@google.ru,691781,2020-07-16
102380,Marmaduke,$2a$04$55OC1TcBu6qjcfS6g3Lwoe59dxqEzZUHzHcapf7VDmBsykRbd11jO,Marmaduke Bulcroft,mbulcroftaj@gravatar.com,68499,2020-01-21
102381,Lotti,$2a$04$p931q6dS53rS/C9uSWLn9.k3Zp8ndggBPKwH5mTWqHQptqZtGL.Mi,Lotti Francey,lfranceyak@macromedia.com,88616,2020-12-11
102382,Myrtle,$2a$04$2/.XTFws7j9xHPEt1eT1nOsZveHQDQ/WEP/gbtn75.FYLCdxZ4jXu,Myrtle Rosone,mrosoneal@utexas.edu,135928,2021-05-05
102383,Hamnet,$2a$04$o98Skxs2xrAPyfZFGORntuJg2x9hAGMkXn7QzstFLtYlW5kcuiQiO,Hamnet Ivanenkov,hivanenkovam@mozilla.org,293920,2022-06-06
102384,Binny,$2a$04$acw8BtLwxVRxSSX9MxRo8.baSABnjOkqN/0xxO1XtIORgXHII4wsq,Binny Boydell,bboydellan@google.ca,271611,2020-02-16
102385,Lilla,$2a$04$sK4X4EoEq2BsvZ.Q5oK1C.7nC67xmJ800i4NJXWkexZmpXlNpiC0y,Lilla Minguet,lminguetao@blogger.com,315693,2019-12-03
102386,Deck,$2a$04$20/Ra8HK7e5EkjrVVWasZORLi9RdnItLHq7dasrnV8929dYboj88y,Deck Bail,dbailap@indiatimes.com,76943,2021-07-24
102387,Bonnibelle,$2a$04$8ZQGh.HFNe/O00rE3Qj2M.i0WxBSenAvRKPOMb3E7y0mcelCCAXd6,Bonnibelle Groger,bgrogeraq@elegantthemes.com,834820,2020-10-08
102388,Rosy,$2a$04$z8x0f5DJMR4xwpVR6b9gKuAIHceuaB.g/ywMQ5evQCTeFIpTpiqRa,Rosy Skones,rskonesar@1und1.de,975352,2021-06-03
102389,Gherardo,$2a$04$rNuOEJEn26Uk7i9HGuwibOeEtRs1NtCVGr3DJf4O/237tPTPl7/C6,Gherardo Walentynowicz,gwalentynowiczas@blogtalkradio.com,38973,2022-11-04
102390,Noelani,$2a$04$ZSM9pEdRw32LJIuWC2sSKeD/aEVVT14be1lpGy59J8uFnhzTbSxkC,Noelani Dillistone,ndillistoneat@hostgator.com,869436,2022-10-04
102391,Genia,$2a$04$WHfXnoeANe3lPFiUYtJx6uDIBCMt8qFA/YKWAgtu2S..ad7/Oanq.,Genia Manueli,gmanueliau@phpbb.com,495916,2022-05-25
102392,Gaynor,$2a$04$/IgJJnv1fni1ZgkJTfXTxegyOMM7p73ghMzQ4eGgkLvN316E4PVkG,Gaynor Fisbey,gfisbeyav@hatena.ne.jp,801407,2019-11-23
102393,Kathrine,$2a$04$lky1XB73gDv6/hzvQcIX2uIPq8UIcHqnP5siGuk/sZKlYwB1IQ0Qy,Kathrine Assaf,kassafaw@php.net,826423,2022-01-17
102394,Jarvis,$2a$04$JagDnI2soeRNS8Zjeio6MeH0SFzS3KnCPtMeYasZKUfcYG6EV8zTa,Jarvis Ornils,jornilsax@tinypic.com,772850,2020-12-25
102395,Conroy,$2a$04$VHKDvZBTqvFB1VQF3tQ.W..1XI1t9jexriTStoRAW4gYYqwht/WIS,Conroy Tuffield,ctuffielday@phpbb.com,239554,2019-07-12
102396,Marthena,$2a$04$WN4Fqj.W.U8u1svitIkcn.waW7aUHmP2b18qrs.m4oDMoCvFhLCtq,Marthena MacCumiskey,mmaccumiskeyaz@jimdo.com,134417,2021-04-16
102397,Collin,$2a$04$WVZomUQ0os6IS935pVdLDOBagk2VXB6.qlxjbSos0PITVnoYpcjLK,Collin Mathers,cmathersb0@gmpg.org,250335,2021-08-23
102398,Pearla,$2a$04$yzO9n74fHKSUoxd7RrddNOjtn0i4EYIVZEatmYMNRKrxJCgd0XGue,Pearla Spick,pspickb1@indiatimes.com,798345,2019-09-05
102399,Angel,$2a$04$J4n1CZAqLFW8R0ZA7yKNOu5kvsjw.OBoEsMeAmr8/bohh0lwKHWTy,Angel MacColm,amaccolmb2@jigsy.com,270516,2020-12-03
102400,Michaella,$2a$04$hINMp2dmQaK7ss8V/USr0.95XxmFjugvc1uR8Um0LBKA7g7ek8nWC,Michaella Liddle,mliddleb3@fda.gov,122246,2022-01-12
102401,Tamera,$2a$04$XY32cVFMMWLt92TxKSlLiO7SwzCnVffZqF0jMgKtCgz8VTwaIiYku,Tamera Delatour,tdelatourb4@utexas.edu,572124,2021-07-17
102402,Renae,$2a$04$6RrLMOrOhPB8fnjQ/VDUn.g5Uxb6UDCeOFVPOA8nOvGJh12DZOpKm,Renae Huxter,rhuxterb5@ehow.com,619399,2022-03-28
102403,Emmery,$2a$04$aSokrpsJ1kvYM3VvcljvMuKCvk6DiSsVN/wQA0lXOKc3BgBjFWpIy,Emmery Parlour,eparlourb6@unc.edu,505151,2021-09-15
102404,Porty,$2a$04$74incEomDrsPUN2RHi7XfedfKdyUVwUTbSRBZAMgypRDTBgXXiviy,Porty Norton,pnortonb7@amazon.com,928273,2020-06-29
102405,Courtnay,$2a$04$0JSlbZLdoF5LiJvzK4DvLO.jScG9Kwu3ylo9Nh79EiFKGJidp3vJm,Courtnay Musson,cmussonb8@freewebs.com,749678,2020-03-05
102406,Hill,$2a$04$jKP0mT0Si85mjsYZLpHoFOK7vCIyyaRAAvYhS5/oygD6ZEHSuyk3i,Hill Masse,hmasseb9@whitehouse.gov,913785,2021-07-08
102407,Marget,$2a$04$wvbnUhX3IMY5cqFU0728nuZuP27.Qko.Glv/zP5Hi/H.12hZxAV7K,Marget Fateley,mfateleyba@sciencedaily.com,503890,2021-11-27
102408,Salmon,$2a$04$JLhrWYYvtZnSNdcfpSle/.Eg/nYDJCwtdIwd8AD9dI8GZ2nCZrLJm,Salmon Burdekin,sburdekinbb@smugmug.com,670007,2021-11-02
102409,Darby,$2a$04$nuAKm1TiQRP2GZdfBKpNPOr6k5Kp3hC0p2SYMgWXStnIjXUJw1xna,Darby Hadleigh,dhadleighbc@livejournal.com,210251,2019-10-17
102410,Elsbeth,$2a$04$6ydIGz/RS7/5CElAltS92u5loTjas5slKejSq5kcdfPdflTjXIJEm,Elsbeth Pinnion,epinnionbd@forbes.com,286744,2022-07-23
102411,Stella,$2a$04$G00X.Wat282L4RstjsH1ju2/La3YV2alaAcx2/FnJ7uYS/Xp4XVSq,Stella Holme,sholmebe@smugmug.com,115729,2019-06-21
102412,Skyler,$2a$04$jRiIIfKM/jUFmPghTCiruerxy72CIIuA/R.QxK1dIBEExLgUa.8GC,Skyler Doxey,sdoxeybf@cyberchimps.com,46332,2022-07-16
102413,Margarethe,$2a$04$fzEYNToqxgaUvgjxc9tkr.4gJJm3ZNjoDg7VdJZxly99i2.kLsF2m,Margarethe Kohen,mkohenbg@cbsnews.com,933146,2020-08-28
102414,Joleen,$2a$04$79PKrEJwHS4mbM11kmsy7OvkIxULGLNg3yzfwnhLS9p1dC5f0RKs6,Joleen Ramas,jramasbh@free.fr,132094,2021-02-15
102415,Reade,$2a$04$a7n8XboP7bDh0GEe8lDIFeBPR3KifNpCDqyDK.Gqd29ytn0a90n3S,Reade Ormesher,rormesherbi@t-online.de,459685,2019-02-21
102416,Wilburt,$2a$04$7on9Q1qqyCRrUQQiiNs8seBYzXTDRagHS5c4zImnSzVHITTOUrdLq,Wilburt Jandel,wjandelbj@stumbleupon.com,631851,2021-05-31
102417,Gabrielle,$2a$04$olkZVaiYZx8exKO1jjc2Pucxn8czHuLRuoh/jd2BNXI62a5drQkge,Gabrielle Arrigo,garrigobk@vinaora.com,719664,2022-04-06
102418,Wilmer,$2a$04$GHZLo9VJsWkwibPFgHQxJuAPoXi1k/L/Vyn7Rs.vuDuQpnb.dNRVe,Wilmer Peacher,wpeacherbl@go.com,287322,2019-12-08
102419,Remus,$2a$04$3lQYsyhHBLiNiZ2Bdb6aBuOA42KlBMFWh1t.JPnQddlyThu7tzIiK,Remus Tomasik,rtomasikbm@parallels.com,626225,2020-08-08
102420,Cheri,$2a$04$N3a//zHvblQ1k3LCK66Ro.M04RAPpGbUaJzv6DmovEfxKUcrIpebe,Cheri Leyband,cleybandbn@xing.com,477596,2022-10-31
102421,Gwen,$2a$04$xAHLZCqy/mYCHPM.tsy26uvhwhCOzpXNPOBfvkDdPmdGKIBc5xCg2,Gwen Mortel,gmortelbo@tinyurl.com,686524,2019-07-31
102422,Birgit,$2a$04$d4LQciGIWkRh4psxOuBcl.KaEpt.bGKfE/OVfaxZAnoqB5rlKVgua,Birgit Tann,btannbp@squarespace.com,257079,2019-06-21
102423,Raymund,$2a$04$7AlFLi0gGTCUtdiGRxzcKOC0OhNivKiH1Ka9taPoxjV9FwLbTUBBi,Raymund Fabri,rfabribq@facebook.com,20521,2021-02-05
102424,Smitty,$2a$04$jLrKva0KvfdjZMyZVgyZDOL.AMJ8hVr4eysxY2l0.lnrcAP3hFQPW,Smitty Molines,smolinesbr@toplist.cz,731231,2020-04-28
102425,Kiley,$2a$04$ObWpCI.6UmQqkPjD5o6KWup3pQx8dQiC8kKNu86uwtivRr5MuRQye,Kiley Daley,kdaleybs@uiuc.edu,398535,2020-04-11
102426,Jeth,$2a$04$3DuOlAZH4o.CikcYtZGWHuAy1AgV3BstlZ6gaTszgfZcn2Y/PaKL.,Jeth Verny,jvernybt@cnet.com,293676,2019-08-09
102427,Franky,$2a$04$8QKH7VuOoiD84mz194i.eO9PuTj/keZNbKsrmT17va.WeH6S/sQZ.,Franky Ames,famesbu@ucla.edu,206686,2019-09-10
102428,Jed,$2a$04$YTctvEr7b3V4aAQvgwZjK.HCgEsLFcdBZY1PUMveGWNojTmwyS18e,Jed Bodemeaid,jbodemeaidbv@disqus.com,737750,2021-06-11
102429,Torrey,$2a$04$cuuo2mxDqcw43HPspPdw3e2XvqLkKnoimfffeA11Ie9paTpqhbwAK,Torrey Billinge,tbillingebw@jiathis.com,557172,2020-09-15
102430,Carlynn,$2a$04$1UqmhwWtr8Ay1CbiNOX/BuL3ZFquJ8EGZULSJanf7bgMKxQgiS/12,Carlynn Grinval,cgrinvalbx@webs.com,691441,2021-02-03
102431,Maddie,$2a$04$M1oLmY3dm9WamcspSnmNU.59DREnZ5Gic0e8eu3DiPjqat4L8CeaS,Maddie Pragnell,mpragnellby@domainmarket.com,556965,2022-12-15
102432,Wallie,$2a$04$q7BigeY5YHBFtawuf4uwxuQUHm/zlB4k42H7OMpALYbjZeH0e/jNW,Wallie Etherson,wethersonbz@google.it,757199,2021-08-01
102433,Dyann,$2a$04$SVlyxnhcwlpBYtLUAR59Ye.iA0k0ijs12N4xr1bWPk1r62dFFUzwG,Dyann Linnemann,dlinnemannc0@disqus.com,66704,2020-10-04
102434,Dorotea,$2a$04$mfJOKsSrcYJc4mrHd92f7OEMJ/dUIUYtH9aa83TpFZCBrnUGGbd.6,Dorotea Wainer,dwainerc1@intel.com,769575,2020-08-28
102435,Rivkah,$2a$04$79uf/zvXNul7XZrVLDkYA.0Ebw6eeE/bUFK96GPev3HgJTjiFVf2W,Rivkah Slaymaker,rslaymakerc2@rakuten.co.jp,319811,2021-01-04
102436,Liv,$2a$04$6pHtfwzsnA089twJRDG8puKOfe/ZzMUaLADcblcs8IqJthNZclU3i,Liv Moulson,lmoulsonc3@fastcompany.com,123057,2021-10-17
102437,Shoshana,$2a$04$ZX9YCCXmo6P/bHyfhX56GexPZWtupgrdTZwzjVAyzPEp/V8mZDlEm,Shoshana Lande,slandec4@earthlink.net,385388,2021-03-14
102438,Gare,$2a$04$/5fw.6dOBUFUwaD.liBgUeF.UguDWw6amgfoWygodcrOYAKdLkW86,Gare Newdick,gnewdickc5@ihg.com,759062,2020-03-03
102439,Alec,$2a$04$I.i6fp7uvGcvOB2vXvecvuT4H4AQ2DyAjFT4uVJBH3TYvWAyNK95K,Alec Bennie,abenniec6@arizona.edu,529336,2022-10-17
102440,Melita,$2a$04$CYs6aGqeRejg17rOmifGYO4q2XI/IAL8chmoe2CUQLtzpSzUqi9DG,Melita Martusewicz,mmartusewiczc7@walmart.com,394662,2019-08-29
102441,Rosco,$2a$04$YQbeQvfQagDWCF2E9x.xs.935LSOg8tY9LVll4GGyVNv9FFaOFCOu,Rosco Kesey,rkeseyc8@sogou.com,265936,2019-03-20
102442,Hobart,$2a$04$n2qmigQYw/rJwJocjDZhLeunrFJGPcBUCsl2W7rd1bj9bIRPZCfgG,Hobart Ronayne,hronaynec9@jigsy.com,390259,2022-05-13
102443,Micheil,$2a$04$kUmqF1oDuzUGhLQYpHSi/.7PqlJ5Sp5hoT1DeJ6JBewW4WcA6.VaW,Micheil Bradburne,mbradburneca@cloudflare.com,428557,2019-08-30
102444,Shelley,$2a$04$84ScGRPxUS2mxK3ep3CKXOiDy20for6yqgCYTX8lh7eMURRxYhMtK,Shelley Coldridge,scoldridgecb@purevolume.com,142279,2021-11-23
102445,Umeko,$2a$04$ak1S5AWjpaQijQoqN1CBsO98skbvUEqytLJzkkCNTsgb4LSY7t9Va,Umeko Winterbotham,uwinterbothamcc@netscape.com,365723,2019-07-24
102446,Vera,$2a$04$v00YSwJcY8Wx5wPxXnwkmOfLTP9RqywoDpTB7mDuOze3CLn5.CG8S,Vera Seedman,vseedmancd@1688.com,651753,2020-03-12
102447,Lola,$2a$04$PWDK2o1Ii/d4vU65eFFWcOiK9bntszZhtLiLfQ2ldQRGWRcrQCC0K,Lola Riccardo,lriccardoce@telegraph.co.uk,452345,2019-12-24
102448,Deirdre,$2a$04$1rZA.0FH66RbdPPChzTy5O0mINabpR.ztxBxyaxVJP5HwNTNKUXJK,Deirdre Dowding,ddowdingcf@jiathis.com,565028,2022-05-19
102449,Vania,$2a$04$FHxzQtLYtNuS00Y2h0CunOULqlG22PZklO1BLUkc/12bLqPuPj2Ai,Vania Maliffe,vmaliffecg@xing.com,22664,2021-09-27
102450,Salli,$2a$04$THCsQ.xL/CzAZemd1k0qLO3p7xb/VE/GiQ5slnamWQShuNorAp93m,Salli Brok,sbrokch@bing.com,60888,2020-12-10
102451,Juliana,$2a$04$wNE94tMnzeczvIArnY4eGeHGzAWL5OKRkmm0YYU9ZbfhKhee/ydVq,Juliana Petrello,jpetrelloci@google.pl,884674,2020-10-01
102452,Lee,$2a$04$zHDfWYgs9PKyxhIHUBGqo.KV/BQ25QIxBa.Hr7xCSgTJQWUDy6XwK,Lee Aslet,lasletcj@cisco.com,60698,2021-04-05
102453,Liv,$2a$04$vwIrA8xEhxlW1gKabprqduGuJEbtZKQ7T7ooaqXznfgPyVQVt0bBe,Liv Hardwich,lhardwichck@bandcamp.com,126619,2020-06-26
102454,Peirce,$2a$04$BbY5hzETzp/lsC5iSppdv.QfS3eaSl9q88XE6Wy/tGXaJsdC2lEFC,Peirce Whale,pwhalecl@nature.com,792286,2021-03-08
102455,Haskell,$2a$04$3FGk61s0eJ5JgT7nGZOWgOBrDBrSZvjuynHof4JJifaKUh6ZG9O2O,Haskell Yaxley,hyaxleycm@furl.net,198919,2021-07-12
102456,Bone,$2a$04$ZYrUb0ZIIOVIY/V06LnEHOYNqgynxtiC7cyUBqRfBArSv71wsNAfW,Bone Lambarth,blambarthcn@wikia.com,392713,2019-08-30
102457,Angeli,$2a$04$md.qoWJ5hexWsKKvGzzeueOtiPcf/FzYRfJwX3jho/OdfFDEaBETK,Angeli Hartman,ahartmanco@blinklist.com,905104,2021-07-04
102458,Theresina,$2a$04$T.rbGIC2F1K4lgEz31FyAO7thfgr6wmYmBwBnEBWHdDZpfgUHbmgW,Theresina Hobgen,thobgencp@webeden.co.uk,102518,2021-12-18
102459,Starlene,$2a$04$CSmBhmlyQmW3P7AwGRLUc.nDYfidHztj1D3.bHR/kYMLE2LAIWEwK,Starlene Rylance,srylancecq@hubpages.com,364655,2019-06-09
102460,Lanita,$2a$04$KtOkSJO16mmMshO2bih1xethgLvD1X8eSX7y/AMkkcbBrwhy1eZrO,Lanita Briiginshaw,lbriiginshawcr@indiegogo.com,270449,2021-01-09
102461,Desmund,$2a$04$UUF4HTnYCf1LF3OMUavdOexDLPu0C6FysibjjSXfr6dy4sCPHtM6S,Desmund Lebarree,dlebarreecs@webs.com,161522,2022-06-01
102462,Farris,$2a$04$T3aOkBcOSg.sRqoVJjOB9Owp6l5znExbAWVa.hFmBuTF6JBsK6sVS,Farris Bartolomieu,fbartolomieuct@gizmodo.com,130749,2020-05-24
102463,Daryl,$2a$04$FRRJdSVyg/m0.2z9IOKX2u6vaNQKm2Tu8ZEawA5eF3fJoNeCDbQP.,Daryl Pittwood,dpittwoodcu@phoca.cz,252022,2021-11-01
102464,Judas,$2a$04$XvsjS.D5WmV8SOGnKC7l8.jeXv8og1g2DBBhpBB32tJ0kOtyEGH9y,Judas Bachanski,jbachanskicv@indiatimes.com,314983,2019-05-30
102465,Kaitlin,$2a$04$szC6ViCrISMU17SNXVTyCOasjcUS4gHqrifTsYSmUGWy71NRkCrIi,Kaitlin Wealleans,kwealleanscw@alexa.com,855082,2021-11-05
102466,Estele,$2a$04$WqqkJMZuN6YEenrO5MsF9.mDZf.RT0e1yuq7x2DXuGmuTh6x1Aqcu,Estele Fantham,efanthamcx@printfriendly.com,893397,2020-09-13
102467,Ignazio,$2a$04$edEqyXU.sXVQksw6/CP1oe7hjpZSWgsEWyH04Ze0IAkkNYNIQ0Avm,Ignazio Moulton,imoultoncy@etsy.com,114994,2019-12-23
102468,Drucill,$2a$04$6AOxbzZK21gQs3uQi0StUesYlBvtaYN8KnT8OYC6HkJQ2Iy8ud3mK,Drucill Firmin,dfirmincz@tinyurl.com,398802,2022-11-26
102469,Elisha,$2a$04$BWD4dx9FmsEUz6ZJt.VS9OhkcaD/8mlYJv84VnSuGpEQ6rCTMh5qO,Elisha Gurden,egurdend0@accuweather.com,542521,2019-10-18
102470,Horatia,$2a$04$OX/NQAnwvciyduKRhyXtHu7gyADNB9pqoCzQlYJKRUXDNRnclG.d.,Horatia Gallear,hgalleard1@mapquest.com,942991,2021-11-01
102471,Rolph,$2a$04$yOtVcRUbg1.9GVNLhUcLn.jyMsAQePPG1LpKpMAEoCu1rOAi2ZHYe,Rolph Pilsworth,rpilsworthd2@squarespace.com,369565,2021-01-19
102472,Emelia,$2a$04$nFJz0Dr3PsL7hnIguLn9nu2czIB1t5yJMWrC3M9w6Qz10TUlrETAu,Emelia Cheshire,echeshired3@so-net.ne.jp,676196,2019-03-20
102473,Chiquita,$2a$04$OhkNInkTrVqoLyO8zw/9m.VJqVBpWU2MkW2WZxct4.25xtYtr86.y,Chiquita Polin,cpolind4@businesswire.com,50196,2019-05-17
102474,Vernice,$2a$04$LOF0.pUTQUEL3RhM/bcrA.ewN.96RgoOB9r6sK.kBQ5OziHPzlVxS,Vernice Terram,vterramd5@myspace.com,876263,2021-06-21
102475,Dode,$2a$04$yJAuO9VD9o6vi6a0WBtnBOtjKfQq19pOjfYka2M/RCsYX44iZmNdW,Dode Van Haeften,dvand6@craigslist.org,423462,2022-10-09
102476,Orson,$2a$04$mVMmzXbDEf0Wp2g8g5epA.cd2hC9pzU3nxc/QOGwuw709oTOmBY/O,Orson Saffer,osafferd7@smugmug.com,916718,2022-12-09
102477,Diahann,$2a$04$YklXpa6UUa9qFITY4dA5s.mAoFmYEi2WbeRNMp7KRPDna/aU2YWeG,Diahann Benjamin,dbenjamind8@npr.org,509281,2019-03-09
102478,Maddy,$2a$04$FNSVmAHmvWbe1RjI.Q1rTeEf69oIeLItICKADsVhwOXH6nQut5DHG,Maddy Bambra,mbambrad9@istockphoto.com,208845,2019-08-28
102479,Whit,$2a$04$eKVvVnBqdQ20QXJL1xeIE.HGj/yCUltTAfxQcTfYyRMjkkRJTL2xG,Whit Goldthorp,wgoldthorpda@phoca.cz,684313,2021-11-04
102480,Roberto,$2a$04$bbjb8uzNds5PTGRqiwaGsuvs1DI2kzB1hXXAnn0UfXgX/E/yGmHtu,Roberto Gentzsch,rgentzschdb@csmonitor.com,592296,2019-08-10
102481,Paulo,$2a$04$S0ekhu3w55CK3aRBJ.Rko.KlwswCVlJdVIFCcLKrXu67vfbzPRkzm,Paulo Jewel,pjeweldc@uiuc.edu,318009,2019-11-30
102482,Eamon,$2a$04$G4S4uyToB9SPonVPGZ8gTe3uk4.gWGN.g1TbwEDgAkJxkcNxy0ycS,Eamon Staves,estavesdd@posterous.com,907252,2021-05-03
102483,Rianon,$2a$04$8X5a9RAlrnM.c.Yj5U82IO8VUKq/feD/CU6hBWH/.C.IDm9lOfxOO,Rianon Wardingley,rwardingleyde@yandex.ru,778781,2019-07-15
102484,Christie,$2a$04$BB6Jm6Bfcc5zLbFBFgsiwuaEkQJo8W4ho622/ovnF5T7b/VnRH61C,Christie Cresar,ccresardf@creativecommons.org,398774,2020-10-23
102485,Carmine,$2a$04$zkzKvBRt5kMcqU.1SLmpmOm7hXhPJty2TP2vat8IB64tSGTILmt6W,Carmine Rudolf,crudolfdg@google.de,423523,2019-02-17
102486,Joceline,$2a$04$iHXABIOWvhZl.mDhgQoiKufWeqxa25F3SphPWDhnJOR37Go1xUzFy,Joceline Birtwistle,jbirtwistledh@technorati.com,616764,2019-09-16
102487,Elyn,$2a$04$htQMgU6wDyBWKMGfLAOKTuqs7tYxdG3acF4u9BhYDjiCoPLoBlzSS,Elyn Johnston,ejohnstondi@skype.com,432680,2020-12-17
102488,Buckie,$2a$04$WOSyrtGHnv4MazakuCSLbOalLKtdsnU.6pEu/7UaVmbNAveLujqAO,Buckie Saunders,bsaundersdj@storify.com,69618,2022-04-13
102489,Maurise,$2a$04$tn71UtS3hNltnyLZDsGNnegH8nOih0p9399SJ17/HvtpQl8dTOyUe,Maurise Addenbrooke,maddenbrookedk@tuttocitta.it,160587,2021-06-01
102490,Ceciley,$2a$04$xlqi4p.qeNeS.NajqFR0zu2VB9Qk2hFToPVEgEyCAKKKsQ3qhyIha,Ceciley Kneale,cknealedl@lulu.com,595595,2021-09-19
102491,Ilysa,$2a$04$s07lpZPFcG1evV1BycsXXOINN/n9CkxXLNooMoKZnqMpKqK8HAdny,Ilysa Salle,isalledm@addthis.com,827764,2021-12-08
102492,Jada,$2a$04$cCKJykwdQPDo3GvxEvOq8ug6s3GFQI59SmiMd5JB9bAiWH58i4lQa,Jada Douglass,jdouglassdn@lycos.com,309875,2022-09-17
102493,Lemuel,$2a$04$1N1XL4xuY9MiuDJRl41b7efiXJVoFAxSpiO3oWKFKDO2/IDD/d3Wa,Lemuel Michael,lmichaeldo@ted.com,684708,2020-02-22
102494,Bernarr,$2a$04$/7IBhYOSCbABOudcJ/rGkuLxFYsffr6.zue.d6/fso192j2VDpwvK,Bernarr Vecard,bvecarddp@hud.gov,607952,2020-05-22
102495,Leonid,$2a$04$bzaSEc6AvJXjP/SSZClV0eXaqJHJwrP0l26cT.eXDCMLm9.JDYMIy,Leonid Cragell,lcragelldq@hexun.com,599996,2021-09-10
102496,Eduard,$2a$04$uHRzAWksICbFtzPJWvdT4.a.7wVvUGEqO2AmExpSL7N3nB/rxl.JO,Eduard Samuels,esamuelsdr@etsy.com,759513,2020-06-17
102497,Ivor,$2a$04$tnQIyHcBBEA70qqY3ZmTHeN8MtQ8.zi3fG.equIsZ0zN28MOAgWX.,Ivor Attow,iattowds@livejournal.com,717884,2021-11-28
102498,Etta,$2a$04$TS/4a/fHYihCift31dC6kOTxZ8qWHeCIYua9gp6o12Jd7H0HyMFBa,Etta Tankus,etankusdt@indiegogo.com,497700,2019-04-30
102499,Johnnie,$2a$04$h4ZC6XaSEX5jcPM1HCMIq.qxQ5FV2dgUBpGFH./w/B0kT.IJ7B7Eq,Johnnie Cashford,jcashforddu@nature.com,895316,2019-06-03
102500,Erda,$2a$04$7jLM3YWuJAS1qeYBYWWOwO4mxKbJBQQXuCuuN8kxOymysA4JEjV4S,Erda Orwell,eorwelldv@google.pl,882914,2019-06-03
